{
  "type": "FeatureCollection",
  "//": "Servis rotalarina kapali alanlar. Kaynak: OpenStreetMap. extract-restricted-areas.py ile uretilir; elle de duzenlenebilir. Poligonlar WGS84 [lon, lat] sirasindadir.",
  "features": [
    {
      "type": "Feature",
      "properties": {
        "id": "3-hava-ikmal-bakim-merkezi-komutanligi",
        "name": "3. Hava İkmal Bakım Merkezi Komutanlığı",
        "source": "OSM way/1543099957"
      },
      "geometry": {
        "type": "Polygon",
        "coordinates": [
          [[32.6836695, 39.9415976], [32.6839176, 39.9412549], [32.6842688, 39.9408969], [32.6853517, 39.9395587], [32.6859583, 39.9388784], [32.6863121, 39.9385739], [32.6864758, 39.9384699], [32.6889614, 39.9371653], [32.6896006, 39.9368078], [32.6903037, 39.9364243], [32.6913979, 39.9358409], [32.693219, 39.9348514], [32.6940724, 39.9343598], [32.6941187, 39.93441], [32.6951527, 39.9353669], [32.6980575, 39.9337915], [32.6975413, 39.9360244], [32.6973583, 39.9365077], [32.6963002, 39.938376], [32.6961721, 39.9385183], [32.6959391, 39.9387029], [32.6946228, 39.9395217], [32.6937163, 39.9399458], [32.6915836, 39.9406774], [32.6910483, 39.940804], [32.6907796, 39.9408657], [32.6893992, 39.9414012], [32.6881932, 39.9418651], [32.6879657, 39.9419366], [32.6878479, 39.9419343], [32.6877739, 39.9418864], [32.6876914, 39.941834], [32.6873137, 39.9413103], [32.6871868, 39.9411793], [32.6870788, 39.9411417], [32.6869833, 39.9411186], [32.6863439, 39.9412621], [32.6856668, 39.9413922], [32.6838456, 39.9416205], [32.6836695, 39.9415976]]
        ]
      }
    },
    {
      "type": "Feature",
      "properties": {
        "id": "4-kolordu-komutanligi-ve-28-mekanize-baris-gucu-tugayi",
        "name": "4. Kolordu Komutanlığı ve 28. Mekanize Barış Gücü Tugayı",
        "source": "OSM relation/2415046"
      },
      "geometry": {
        "type": "Polygon",
        "coordinates": [
          [[32.9187621, 39.9493915], [32.9188069, 39.9492804], [32.9196612, 39.9489024], [32.9202729, 39.9485496], [32.9210724, 39.948062], [32.9218174, 39.9475281], [32.9226229, 39.946827], [32.9232225, 39.9460423], [32.9234042, 39.9460191], [32.9234829, 39.9458844], [32.9234466, 39.9458148], [32.9238179, 39.9453139], [32.9242235, 39.9446071], [32.9244865, 39.9440488], [32.9248941, 39.9430009], [32.9251606, 39.9426619], [32.9255906, 39.9423787], [32.9254331, 39.9421697], [32.9250394, 39.9421511], [32.9251061, 39.9415336], [32.9251121, 39.9407441], [32.9250515, 39.9399872], [32.9248759, 39.93917], [32.9246458, 39.9385245], [32.9242824, 39.9376793], [32.9237978, 39.9368574], [32.9232588, 39.9361468], [32.9226996, 39.9355273], [32.9211695, 39.9340281], [32.9208012, 39.9335093], [32.9208783, 39.9332728], [32.9207412, 39.9330233], [32.9203448, 39.9328601], [32.919939, 39.9319963], [32.9197754, 39.9313693], [32.9196604, 39.9307563], [32.9196361, 39.9302872], [32.91983, 39.9302454], [32.9202781, 39.9299575], [32.9203932, 39.9298832], [32.9205749, 39.9298785], [32.9208898, 39.9297531], [32.921447, 39.929702], [32.9216893, 39.9295395], [32.9225614, 39.9296509], [32.922725, 39.9296974], [32.9229006, 39.9298971], [32.9230763, 39.9302083], [32.9232882, 39.9303662], [32.9235971, 39.9304637], [32.9242028, 39.9304265], [32.9255774, 39.9297735], [32.9254926, 39.9296341], [32.9247598, 39.9284452], [32.9249839, 39.9278321], [32.925529, 39.9279111], [32.926498, 39.9279761], [32.926819, 39.9280504], [32.9271218, 39.9281015], [32.927564, 39.9281061], [32.927885, 39.9281944], [32.9283147, 39.9282922], [32.9284119, 39.9282733], [32.9284906, 39.9281015], [32.9285815, 39.9278135], [32.9289327, 39.927298], [32.9301259, 39.9277857], [32.9305801, 39.9281154], [32.9306813, 39.928031], [32.9304883, 39.9278949], [32.9305469, 39.927838], [32.9306342, 39.9278311], [32.9342079, 39.9281347], [32.9361736, 39.9282648], [32.9365094, 39.9282222], [32.9379811, 39.9288678], [32.9386818, 39.9286965], [32.9387153, 39.9288058], [32.93901, 39.9287747], [32.9400482, 39.9288374], [32.9400132, 39.9281878], [32.9401586, 39.9279881], [32.9403221, 39.9278627], [32.9416787, 39.9277141], [32.9432583, 39.9276267], [32.9437629, 39.9276494], [32.9443835, 39.9275323], [32.9471218, 39.9273065], [32.947744, 39.9273733], [32.9490035, 39.9278228], [32.9497339, 39.9282598], [32.9505656, 39.9284962], [32.9511863, 39.9286978], [32.95216, 39.9290854], [32.9531755, 39.9298402], [32.9534667, 39.9300077], [32.9535995, 39.9301719], [32.9540577, 39.9304412], [32.9544175, 39.9303952], [32.9546273, 39.9302737], [32.9547687, 39.9303328], [32.9549228, 39.9305857], [32.9549699, 39.9307236], [32.9552654, 39.9311473], [32.9556166, 39.931075], [32.9563875, 39.9307729], [32.9565759, 39.930855], [32.9571155, 39.9311998], [32.9575481, 39.9312458], [32.9579035, 39.9312162], [32.9583532, 39.9316136], [32.9586273, 39.9317088], [32.9592226, 39.9317712], [32.9599763, 39.931896], [32.9604345, 39.9320996], [32.9608243, 39.9325265], [32.9609913, 39.9332621], [32.9608757, 39.9338795], [32.9607814, 39.9341389], [32.9606273, 39.9341422], [32.9609784, 39.9351306], [32.9604217, 39.9354294], [32.9602375, 39.9357184], [32.960259, 39.93605], [32.9602033, 39.9361715], [32.9604003, 39.9370647], [32.9605843, 39.9376538], [32.9611326, 39.937979], [32.9609698, 39.9383205], [32.960777, 39.9384092], [32.96052, 39.9385307], [32.9604729, 39.938938], [32.9603058, 39.9391285], [32.9602416, 39.9398017], [32.9605757, 39.9408855], [32.9612739, 39.9423897], [32.9616155, 39.9431811], [32.9614442, 39.9437524], [32.9615085, 39.9443532], [32.9622322, 39.9450854], [32.9621766, 39.9453908], [32.9618768, 39.9456501], [32.9613843, 39.9458045], [32.9612044, 39.9458504], [32.9614057, 39.9466745], [32.9620224, 39.9468781], [32.9624592, 39.9468682], [32.9626734, 39.9468058], [32.9627975, 39.9466647], [32.9633414, 39.9468617], [32.9631487, 39.9474559], [32.9626648, 39.9479385], [32.9624721, 39.9481717], [32.9624892, 39.9483621], [32.9628704, 39.9490121], [32.9631059, 39.9492649], [32.9635085, 39.9499839], [32.9637868, 39.9505749], [32.9637825, 39.9507719], [32.9635984, 39.9511527], [32.9632001, 39.9515073], [32.9627847, 39.9517666], [32.9624549, 39.9525086], [32.962395, 39.9529682], [32.9619282, 39.9539235], [32.9618597, 39.9540614], [32.9616969, 39.9540942], [32.9615342, 39.9540745], [32.9612558, 39.9540942], [32.9609517, 39.9541894], [32.9604592, 39.9547212], [32.9602198, 39.9549916], [32.9597658, 39.9556547], [32.9593738, 39.9569623], [32.9589378, 39.9569623], [32.9583563, 39.9570969], [32.9580111, 39.9573476], [32.9573449, 39.9573662], [32.9571148, 39.9575147], [32.9570663, 39.9576401], [32.9564909, 39.9576865], [32.9562123, 39.9578629], [32.9561942, 39.9580068], [32.9564546, 39.9581972], [32.9559943, 39.9592603], [32.9564001, 39.9594274], [32.9563637, 39.9596781], [32.9562971, 39.9599288], [32.955643, 39.9605647], [32.9553826, 39.9606854], [32.9544257, 39.960899], [32.9541592, 39.9610986], [32.9535232, 39.9610986], [32.9526208, 39.9608851], [32.9524149, 39.960639], [32.9525784, 39.9600309], [32.9518153, 39.9599705], [32.9516699, 39.9599938], [32.9513368, 39.9597663], [32.9511673, 39.9596224], [32.9511854, 39.9594181], [32.9509553, 39.959316], [32.9498348, 39.9591999], [32.9495259, 39.9587496], [32.9494714, 39.9584386], [32.9485387, 39.9577933], [32.9476908, 39.9575379], [32.9474728, 39.957394], [32.9472971, 39.9572037], [32.9472366, 39.9570226], [32.9474062, 39.9567905], [32.9476545, 39.9560802], [32.9475697, 39.9559827], [32.9470791, 39.9558109], [32.9461464, 39.9554674], [32.9458012, 39.9554674], [32.945571, 39.9554117], [32.9454863, 39.9554628], [32.9449714, 39.9559873], [32.9447837, 39.9563448], [32.9445233, 39.9565862], [32.9434876, 39.9570969], [32.9425973, 39.957213], [32.9421612, 39.9572919], [32.9418705, 39.9572594], [32.9409136, 39.9573801], [32.9379943, 39.9580254], [32.936674, 39.9582714], [32.9356807, 39.958485], [32.9352568, 39.9586011], [32.9346996, 39.9588517], [32.9339304, 39.9591953], [32.9333671, 39.9593531], [32.9324647, 39.9595063], [32.9319075, 39.9594506], [32.9308658, 39.9593763], [32.9304842, 39.959381], [32.9301027, 39.9595156], [32.9295091, 39.9595017], [32.9295022, 39.9594088], [32.9288853, 39.9593253], [32.9283826, 39.9593392], [32.9277043, 39.9592742], [32.9272258, 39.9591396], [32.9268685, 39.9591349], [32.9265233, 39.9590421], [32.9260388, 39.9587867], [32.924888, 39.9577979], [32.923919, 39.9575519], [32.9236222, 39.9574265], [32.9239213, 39.9572163], [32.9249183, 39.9566837], [32.9252696, 39.9565723], [32.9273349, 39.9556345], [32.9276195, 39.9546271], [32.9272743, 39.9540885], [32.9265051, 39.9542464], [32.9260812, 39.9545714], [32.9244459, 39.9556252], [32.9239311, 39.9559641], [32.9226895, 39.9567209], [32.9210972, 39.9562894], [32.9210165, 39.9561134], [32.9209279, 39.9557217], [32.9207857, 39.9550558], [32.9204944, 39.9538577], [32.9200723, 39.9527526], [32.9198263, 39.9519508], [32.919578, 39.951389], [32.9192158, 39.9505742], [32.9189463, 39.9497655], [32.9187621, 39.9493915]]
        ]
      }
    },
    {
      "type": "Feature",
      "properties": {
        "id": "ahlatlibel-hava-radar-mevzi-komutanligi",
        "name": "Ahlatlıbel Hava Radar Mevzi Komutanlığı",
        "source": "OSM way/404649212"
      },
      "geometry": {
        "type": "Polygon",
        "coordinates": [
          [[32.7618008, 39.8410525], [32.7618414, 39.8406137], [32.7620257, 39.839817], [32.7624077, 39.8392492], [32.7629411, 39.8386774], [32.7646441, 39.8374763], [32.7650309, 39.8370624], [32.7652553, 39.8366886], [32.7654547, 39.8361877], [32.7674126, 39.8357356], [32.7678216, 39.8356788], [32.7682314, 39.835655], [32.7686827, 39.8356804], [32.7692237, 39.8357711], [32.7696555, 39.8358927], [32.7702088, 39.8361358], [32.7707574, 39.8365333], [32.7728228, 39.8380338], [32.7735813, 39.8386369], [32.7736002, 39.8386849], [32.7739443, 39.8389357], [32.7740025, 39.8389419], [32.7742751, 39.8391276], [32.7761711, 39.8404722], [32.776109, 39.8406739], [32.7758223, 39.841185], [32.7754373, 39.8415244], [32.7757607, 39.8417844], [32.7753725, 39.8423787], [32.7750923, 39.8430183], [32.7749814, 39.8432807], [32.7754153, 39.8437027], [32.775838, 39.8440764], [32.7760956, 39.8443242], [32.776341, 39.8444356], [32.7763206, 39.8444896], [32.7762401, 39.8446255], [32.7761382, 39.8447038], [32.7743974, 39.8457849], [32.774435, 39.8460073], [32.771498, 39.8463863], [32.769957, 39.8466097], [32.769092, 39.8468063], [32.7688855, 39.8468846], [32.76862, 39.8470329], [32.7673502, 39.8477903], [32.7664247, 39.8477136], [32.7657301, 39.846449], [32.7641141, 39.8446988], [32.7623312, 39.8423691], [32.7619689, 39.8416979], [32.7618008, 39.8410525]]
        ]
      }
    },
    {
      "type": "Feature",
      "properties": {
        "id": "akinci-hava-ussu",
        "name": "Akıncı Hava Üssü",
        "source": "OSM way/40610244"
      },
      "geometry": {
        "type": "Polygon",
        "coordinates": [
          [[32.5316052, 40.0742893], [32.5323262, 40.073777], [32.5330815, 40.0736259], [32.5333647, 40.0731465], [32.5339226, 40.0727327], [32.537991, 40.0707754], [32.5390982, 40.0696259], [32.5420937, 40.0689363], [32.5452008, 40.0672679], [32.5522696, 40.0637649], [32.553104, 40.0633514], [32.5562558, 40.0617895], [32.5589165, 40.0603574], [32.5605731, 40.0596151], [32.5608306, 40.0595691], [32.5610194, 40.0596151], [32.5612168, 40.0597596], [32.5686395, 40.068641], [32.581508, 40.062974], [32.5838246, 40.0619538], [32.5916094, 40.071708], [32.5927681, 40.0730023], [32.5946436, 40.07535], [32.5953817, 40.0763088], [32.5958216, 40.0769787], [32.5957193, 40.0771785], [32.5940635, 40.0782409], [32.5925346, 40.0792131], [32.5928832, 40.0795778], [32.5939921, 40.0813325], [32.595527, 40.0842712], [32.5977334, 40.0884526], [32.5933242, 40.0906859], [32.5896656, 40.0912105], [32.5871678, 40.0892874], [32.5868115, 40.0890719], [32.5799279, 40.0924667], [32.5805201, 40.0931955], [32.5678258, 40.0995249], [32.5612082, 40.102709], [32.5558524, 40.096183], [32.5559726, 40.095986], [32.5622725, 40.0929], [32.5589165, 40.0889865], [32.5588479, 40.0889603], [32.5583586, 40.0896891], [32.5554232, 40.0908514], [32.5542559, 40.0911994], [32.5532775, 40.0914358], [32.5500417, 40.0924141], [32.5493207, 40.0927359], [32.5487628, 40.0929263], [32.5473551, 40.0930248], [32.5441451, 40.0886451], [32.5417161, 40.085585], [32.5379481, 40.0812443], [32.5316052, 40.0742893]]
        ]
      }
    },
    {
      "type": "Feature",
      "properties": {
        "id": "anittepe-jandarma-lojmanlari",
        "name": "Anıttepe Jandarma Lojmanları",
        "source": "OSM way/473655621"
      },
      "geometry": {
        "type": "Polygon",
        "coordinates": [
          [[32.840884, 39.9207137], [32.8420293, 39.9197551], [32.8428112, 39.9203085], [32.8434415, 39.9197613], [32.8446914, 39.9205718], [32.8432122, 39.922203], [32.840884, 39.9207137]]
        ]
      }
    },
    {
      "type": "Feature",
      "properties": {
        "id": "ankara-askerlik-daire-baskanligi",
        "name": "Ankara Askerlik Daire Başkanlığı",
        "source": "OSM way/291162487"
      },
      "geometry": {
        "type": "Polygon",
        "coordinates": [
          [[32.883145, 39.9280633], [32.8831504, 39.9275121], [32.8831933, 39.9268539], [32.8837834, 39.9268683], [32.8837888, 39.9268971], [32.8837432, 39.9272076], [32.8837941, 39.9274853], [32.8838639, 39.9277219], [32.8838907, 39.9278802], [32.8838424, 39.927981], [32.883145, 39.9280633]]
        ]
      }
    },
    {
      "type": "Feature",
      "properties": {
        "id": "ankara-guzel-sanatlar-ve-muzik-universitesi",
        "name": "Ankara Güzel Sanatlar ve Müzik Üniversitesi",
        "source": "OSM way/446574669"
      },
      "geometry": {
        "type": "Polygon",
        "coordinates": [
          [[32.8444195, 39.8587579], [32.8445424, 39.858655], [32.8446147, 39.8585648], [32.8446735, 39.8584732], [32.8447564, 39.85833], [32.8448436, 39.8581903], [32.8449142, 39.8580635], [32.8449931, 39.8579269], [32.8450655, 39.8577673], [32.8451259, 39.8576343], [32.8452079, 39.8574153], [32.8453311, 39.8569641], [32.8454759, 39.8564596], [32.8464323, 39.8564958], [32.8464791, 39.856547], [32.8462735, 39.8568637], [32.8462393, 39.8568623], [32.8462302, 39.8570349], [32.846244, 39.8570344], [32.8462424, 39.8571258], [32.8462594, 39.8571255], [32.846262, 39.8572204], [32.8462775, 39.8572205], [32.8464147, 39.8585062], [32.8476539, 39.8585221], [32.8476195, 39.8597757], [32.8462196, 39.8597761], [32.8447416, 39.8589569], [32.8444195, 39.8587579]]
        ]
      }
    },
    {
      "type": "Feature",
      "properties": {
        "id": "ankara-haci-bayram-veli-universitesi-iktisadi-ve-idari-bilimler-fakultesi",
        "name": "Ankara Hacı Bayram Veli Üniversitesi İktisadi ve İdari Bilimler Fakültesi",
        "source": "OSM way/474010676"
      },
      "geometry": {
        "type": "Polygon",
        "coordinates": [
          [[32.8266831, 39.9342736], [32.8266864, 39.9342738], [32.827068, 39.9340093], [32.8275012, 39.9338108], [32.8278807, 39.9336515], [32.8280819, 39.9335856], [32.8294595, 39.9347486], [32.8296825, 39.9349368], [32.8295062, 39.9350672], [32.829026, 39.9354222], [32.8284359, 39.9358891], [32.8275803, 39.9350747], [32.8266831, 39.9342736]]
        ]
      }
    },
    {
      "type": "Feature",
      "properties": {
        "id": "ankara-haci-bayram-veli-universitesi-iletisim-fakultesi",
        "name": "Ankara Hacı Bayram Veli Üniversitesi İletişim Fakültesi",
        "source": "OSM way/217555105"
      },
      "geometry": {
        "type": "Polygon",
        "coordinates": [
          [[32.8148612, 39.9190454], [32.8150782, 39.9190408], [32.8150702, 39.9193411], [32.8148639, 39.9193437], [32.8148612, 39.9190454]]
        ]
      }
    },
    {
      "type": "Feature",
      "properties": {
        "id": "ankara-sosyal-bilimler-universitesi",
        "name": "Ankara Sosyal Bilimler Üniversitesi",
        "source": "OSM way/1347534972"
      },
      "geometry": {
        "type": "Polygon",
        "coordinates": [
          [[32.8547085, 39.9431477], [32.8547091, 39.9429907], [32.8547096, 39.9429663], [32.8547787, 39.9429705], [32.85516, 39.9429676], [32.8552056, 39.9429559], [32.8552058, 39.9429238], [32.8554376, 39.9429034], [32.8554995, 39.9429509], [32.8556287, 39.9429306], [32.8556039, 39.9427474], [32.856087, 39.9426809], [32.8561472, 39.9426579], [32.8561861, 39.9426837], [32.8563013, 39.9426633], [32.8563088, 39.9426619], [32.8562942, 39.9424172], [32.8563497, 39.9423581], [32.8568019, 39.942334], [32.8569134, 39.9423407], [32.857029, 39.9423626], [32.8570555, 39.9423844], [32.8568798, 39.9429943], [32.8567304, 39.9433459], [32.8567348, 39.9438234], [32.8567264, 39.943908], [32.8566551, 39.9441496], [32.8566055, 39.9443633], [32.8556623, 39.9444637], [32.8556446, 39.9442398], [32.8554677, 39.944172], [32.855464, 39.9441691], [32.8554234, 39.944138], [32.8547864, 39.9441543], [32.8547828, 39.9440634], [32.8547545, 39.9440526], [32.8547492, 39.9439074], [32.8548289, 39.9439006], [32.8548306, 39.9437636], [32.8548266, 39.9436581], [32.8548254, 39.9436249], [32.8548182, 39.9434326], [32.85482, 39.9432548], [32.8548589, 39.9432494], [32.8548561, 39.9432254], [32.8548505, 39.9431768], [32.8548465, 39.9431422], [32.8547085, 39.9431477]]
        ]
      }
    },
    {
      "type": "Feature",
      "properties": {
        "id": "ankara-universitesi-50-yil-kampusu",
        "name": "Ankara Üniversitesi 50. Yıl Kampüsü",
        "source": "OSM way/367547712"
      },
      "geometry": {
        "type": "Polygon",
        "coordinates": [
          [[32.8151211, 39.7796848], [32.8151564, 39.7793815], [32.8151857, 39.7792278], [32.8152077, 39.7791123], [32.8152609, 39.778925], [32.8153385, 39.7787283], [32.8154925, 39.7785154], [32.8156082, 39.7783801], [32.8158093, 39.7781652], [32.8161805, 39.7778323], [32.8169942, 39.77705], [32.8171421, 39.7769033], [32.8175361, 39.7762241], [32.8180992, 39.7760657], [32.8198459, 39.7764184], [32.8208375, 39.7766147], [32.8211932, 39.7766303], [32.8225156, 39.7768613], [32.8245592, 39.7774167], [32.825711, 39.7777662], [32.8288358, 39.7780275], [32.8291825, 39.7787065], [32.829373, 39.7790797], [32.8295772, 39.7794672], [32.8299619, 39.7801973], [32.8302867, 39.7808139], [32.828327, 39.7814574], [32.8282897, 39.7812024], [32.8280811, 39.7812583], [32.8273058, 39.7814659], [32.8265618, 39.7816651], [32.8266981, 39.7819795], [32.8239622, 39.7823753], [32.8237369, 39.7819383], [32.8219452, 39.7824907], [32.8223428, 39.7833358], [32.821582, 39.7836149], [32.8213512, 39.7836976], [32.8205812, 39.7839436], [32.8201373, 39.7832112], [32.8189339, 39.7833499], [32.8169207, 39.7835652], [32.8167978, 39.7835768], [32.8167156, 39.7835551], [32.8162059, 39.7831655], [32.8158473, 39.7828915], [32.8157734, 39.782835], [32.8154669, 39.7825579], [32.8155942, 39.7823983], [32.8155813, 39.7823501], [32.815512, 39.7822104], [32.8154792, 39.7821453], [32.8152817, 39.7820616], [32.815179, 39.7821095], [32.8151231, 39.7799952], [32.8151211, 39.7796848]]
        ]
      }
    },
    {
      "type": "Feature",
      "properties": {
        "id": "ankara-universitesi-alper-gezeravci-yerleskesi",
        "name": "Ankara Üniversitesi Alper Gezeravcı Yerleşkesi",
        "source": "OSM way/1503412903"
      },
      "geometry": {
        "type": "Polygon",
        "coordinates": [
          [[32.7767826, 39.8438783], [32.7770086, 39.8436369], [32.7771268, 39.8435932], [32.7772058, 39.8435586], [32.7772321, 39.8434935], [32.7772427, 39.8431248], [32.7772442, 39.8430726], [32.7774109, 39.8431693], [32.7776467, 39.8432442], [32.77785, 39.8432161], [32.7779353, 39.8432224], [32.7780451, 39.8433535], [32.7781264, 39.8434222], [32.7782768, 39.8434471], [32.7783582, 39.8435033], [32.7784223, 39.8436005], [32.7787525, 39.8433691], [32.7788977, 39.8432926], [32.7789598, 39.8432598], [32.7790319, 39.8433117], [32.778781, 39.843856], [32.778744, 39.8439953], [32.7787269, 39.8442133], [32.7786397, 39.8442562], [32.7785089, 39.8442204], [32.7783668, 39.8441886], [32.7782577, 39.8442093], [32.7778248, 39.8444518], [32.7774243, 39.8442696], [32.7773072, 39.8441797], [32.7772625, 39.8441029], [32.7772656, 39.8440449], [32.7772779, 39.8439964], [32.7770947, 39.8440085], [32.7767826, 39.8438783]]
        ]
      }
    },
    {
      "type": "Feature",
      "properties": {
        "id": "ankara-universitesi-cebeci-yerleskesi",
        "name": "Ankara Üniversitesi Cebeci Yerleşkesi",
        "source": "OSM way/103909120"
      },
      "geometry": {
        "type": "Polygon",
        "coordinates": [
          [[32.8709275, 39.9289507], [32.8710978, 39.9286638], [32.8713043, 39.9283368], [32.8717871, 39.9277043], [32.8722525, 39.9271448], [32.8725153, 39.9268363], [32.8727728, 39.9265226], [32.8732221, 39.9260063], [32.873324, 39.9259642], [32.8734635, 39.9259354], [32.8736687, 39.9259498], [32.8763255, 39.9262936], [32.876371, 39.9262994], [32.8760706, 39.9266892], [32.8756656, 39.9272014], [32.8751694, 39.9277999], [32.8747925, 39.9282391], [32.8745672, 39.9285281], [32.8743754, 39.9288047], [32.874075, 39.9292819], [32.8737585, 39.9297549], [32.873603, 39.9299411], [32.8731067, 39.9297107], [32.8729741, 39.929655], [32.8729165, 39.9296308], [32.8725314, 39.929469], [32.8719809, 39.9292783], [32.8713794, 39.9290896], [32.8709275, 39.9289507]]
        ]
      }
    },
    {
      "type": "Feature",
      "properties": {
        "id": "ankara-universitesi-diskapi-yerleskesi",
        "name": "Ankara Üniversitesi Dışkapı Yerleşkesi",
        "source": "OSM relation/6322123"
      },
      "geometry": {
        "type": "MultiPolygon",
        "coordinates": [
          [
            [[32.8584002, 39.9656005], [32.8584093, 39.9655435], [32.8584235, 39.9654756], [32.8585616, 39.9651926], [32.8586393, 39.9650122], [32.8589548, 39.9642596], [32.8591047, 39.9638438], [32.859171, 39.9633531], [32.8591581, 39.9626155], [32.8591011, 39.96229], [32.8590198, 39.9619491], [32.8589966, 39.9618843], [32.8592639, 39.9617287], [32.8591799, 39.9616296], [32.8590526, 39.9616928], [32.8589406, 39.9617023], [32.8588616, 39.9615377], [32.858628, 39.9612068], [32.8584825, 39.9608668], [32.8584718, 39.9607305], [32.8586261, 39.9604822], [32.8597496, 39.9598288], [32.8598632, 39.9598775], [32.8602206, 39.9600267], [32.8606772, 39.9602085], [32.8608496, 39.9603362], [32.8609353, 39.9604853], [32.8610882, 39.9607835], [32.8612759, 39.9611208], [32.8614076, 39.9613899], [32.8614927, 39.9615346], [32.8615273, 39.9616356], [32.861654, 39.9620151], [32.8620362, 39.9630134], [32.8624966, 39.9641056], [32.8625681, 39.9643552], [32.8626131, 39.9645677], [32.8626167, 39.964839], [32.862553, 39.9650099], [32.8623069, 39.9652594], [32.8615868, 39.9655931], [32.8612222, 39.9657613], [32.8606243, 39.9659801], [32.8602606, 39.9660925], [32.8598374, 39.9661465], [32.8596136, 39.9661569], [32.8592626, 39.9661478], [32.8589885, 39.9661199], [32.8588871, 39.9661008], [32.8587857, 39.9660684], [32.8586642, 39.9660145], [32.8585963, 39.9659618], [32.8585365, 39.9659044], [32.8584673, 39.9658028], [32.858429, 39.9657382], [32.858404, 39.9656674], [32.8584002, 39.9656005]]
          ],
          [
            [[32.8591619, 39.9554034], [32.8604036, 39.9545879], [32.8608095, 39.9549528], [32.8617215, 39.95578], [32.8623051, 39.9563398], [32.8630183, 39.9569391], [32.8635747, 39.9573779], [32.8636717, 39.9574829], [32.8637327, 39.9576263], [32.8638343, 39.9577914], [32.8642856, 39.9582963], [32.8647125, 39.9587356], [32.864867, 39.9589195], [32.8648832, 39.9590535], [32.8648222, 39.9591033], [32.8643872, 39.9591688], [32.8633424, 39.9591657], [32.862757, 39.9591563], [32.8624114, 39.959066], [32.8621057, 39.9589126], [32.8619398, 39.9587138], [32.8617935, 39.9584427], [32.8616024, 39.9583118], [32.8614682, 39.9582713], [32.8612934, 39.9581872], [32.8610495, 39.9581155], [32.8608869, 39.9580096], [32.86083, 39.9578444], [32.8605901, 39.9570934], [32.8603624, 39.9566415], [32.8599112, 39.9560962], [32.8591619, 39.9554034]]
          ],
          [
            [[32.8608615, 39.967597], [32.8609564, 39.9672799], [32.8614656, 39.9661496], [32.863018, 39.9658593], [32.8631054, 39.9659497], [32.8633209, 39.9664545], [32.8634902, 39.966851], [32.8632737, 39.9669059], [32.8608615, 39.967597]]
          ],
          [
            [[32.8617411, 39.9611904], [32.8622701, 39.9610567], [32.862326, 39.9611453], [32.8624683, 39.9611258], [32.8628658, 39.9609897], [32.8632468, 39.9608575], [32.8636978, 39.9607114], [32.8642272, 39.9604583], [32.8646362, 39.9600311], [32.8648468, 39.9594852], [32.8650172, 39.959484], [32.8651641, 39.9594944], [32.865304, 39.9595328], [32.8654254, 39.9595736], [32.865574, 39.9597282], [32.8661757, 39.960363], [32.8665579, 39.9607862], [32.8668658, 39.9611226], [32.8672658, 39.9615051], [32.8674923, 39.961657], [32.8677153, 39.9618415], [32.8687761, 39.9626492], [32.8684522, 39.9628963], [32.8680373, 39.9632439], [32.8685615, 39.9638466], [32.8687486, 39.9641021], [32.8690507, 39.9645227], [32.8693461, 39.9649808], [32.8692321, 39.9650219], [32.8691606, 39.9650477], [32.8689284, 39.9651237], [32.8687952, 39.9651699], [32.8687335, 39.9651914], [32.8670866, 39.9657153], [32.8670754, 39.965661], [32.8671861, 39.9648393], [32.8668617, 39.9647878], [32.8670669, 39.9640492], [32.8670711, 39.9639946], [32.8663676, 39.9638674], [32.8663344, 39.9638768], [32.8663173, 39.9638936], [32.8662553, 39.9640902], [32.8658678, 39.9640455], [32.8657973, 39.9643585], [32.8656342, 39.9648199], [32.8653369, 39.96565], [32.8645822, 39.96524], [32.8643692, 39.9651332], [32.8639217, 39.9650397], [32.863453, 39.9649121], [32.8632731, 39.9648407], [32.8631733, 39.9647311], [32.8630117, 39.9643751], [32.862864, 39.964032], [32.8625657, 39.9633123], [32.8618783, 39.9616037], [32.8617411, 39.9611904]]
          ]
        ]
      }
    },
    {
      "type": "Feature",
      "properties": {
        "id": "ankara-universitesi-ilahiyat-fakultesi",
        "name": "Ankara Üniversitesi - İlahiyat Fakültesi",
        "source": "OSM way/474079848"
      },
      "geometry": {
        "type": "Polygon",
        "coordinates": [
          [[32.8236052, 39.9338756], [32.8237152, 39.9329563], [32.8249115, 39.9329373], [32.8250107, 39.9338838], [32.8236052, 39.9338756]]
        ]
      }
    },
    {
      "type": "Feature",
      "properties": {
        "id": "ankara-universitesi-kecioren-yerleskesi",
        "name": "Ankara Üniversitesi Keçiören Yerleşkesi",
        "source": "OSM way/405419902"
      },
      "geometry": {
        "type": "Polygon",
        "coordinates": [
          [[32.8611504, 39.9960818], [32.8621107, 39.9951201], [32.8631943, 39.9953133], [32.8627598, 39.9968832], [32.8627061, 39.9970311], [32.8625881, 39.9971092], [32.862277, 39.9970558], [32.8611987, 39.996164], [32.8611504, 39.9960818]]
        ]
      }
    },
    {
      "type": "Feature",
      "properties": {
        "id": "ankara-universitesi-kok-hucre-enstitusu",
        "name": "Ankara Üniversitesi Kök Hücre Enstitüsü",
        "source": "OSM way/438527448"
      },
      "geometry": {
        "type": "Polygon",
        "coordinates": [
          [[32.8153181, 39.88135], [32.8153878, 39.8813176], [32.8154926, 39.8812688], [32.8155376, 39.8812479], [32.8156956, 39.8812024], [32.8157828, 39.8811774], [32.8160233, 39.8811081], [32.8161073, 39.881144], [32.8165206, 39.881703], [32.8157314, 39.8817156], [32.8156684, 39.8816797], [32.8153181, 39.88135]]
        ]
      }
    },
    {
      "type": "Feature",
      "properties": {
        "id": "ankara-universitesi-tandogan-yerleskesi",
        "name": "Ankara Üniversitesi Tandoğan Yerleşkesi",
        "source": "OSM way/473918543"
      },
      "geometry": {
        "type": "Polygon",
        "coordinates": [
          [[32.8240295, 39.9369594], [32.824073, 39.9368629], [32.8240898, 39.9368258], [32.8243301, 39.9364811], [32.8262089, 39.9378242], [32.8262928, 39.9377483], [32.8261507, 39.9376557], [32.8262187, 39.9376096], [32.8265906, 39.9373575], [32.8273362, 39.9367817], [32.8284359, 39.9358891], [32.829026, 39.9354222], [32.8296376, 39.9349677], [32.8296825, 39.9349368], [32.8313703, 39.9337749], [32.8315231, 39.93367], [32.836166, 39.9350664], [32.8345353, 39.936066], [32.8331673, 39.9368434], [32.8325933, 39.9365966], [32.8316009, 39.9374398], [32.8312013, 39.9373308], [32.8310255, 39.9374125], [32.8304952, 39.9376589], [32.8293291, 39.9382007], [32.8285803, 39.9385503], [32.8277037, 39.9389596], [32.8275159, 39.9389883], [32.8260488, 39.9397102], [32.8259004, 39.9395181], [32.8252146, 39.9386305], [32.8249883, 39.9383864], [32.8250596, 39.9382968], [32.8247046, 39.9377967], [32.8246198, 39.9377911], [32.8240913, 39.9371373], [32.8240295, 39.9369594]]
        ]
      }
    },
    {
      "type": "Feature",
      "properties": {
        "id": "ankara-universitesi-tip-fakultesi-dekanlik-ve-morfoloji-kampusu",
        "name": "Ankara Üniversitesi Tıp Fakültesi Dekanlık ve Morfoloji Kampüsü",
        "source": "OSM way/404871740"
      },
      "geometry": {
        "type": "Polygon",
        "coordinates": [
          [[32.8578211, 39.9308951], [32.8579196, 39.92923], [32.8588562, 39.9292393], [32.8597501, 39.9292093], [32.859813, 39.92943], [32.8599681, 39.9299194], [32.8600081, 39.9300979], [32.8600287, 39.9302622], [32.8600308, 39.9304312], [32.8600256, 39.9307034], [32.8599965, 39.9310441], [32.8593205, 39.9309977], [32.8579173, 39.9309014], [32.8578211, 39.9308951]]
        ]
      }
    },
    {
      "type": "Feature",
      "properties": {
        "id": "ankara-universitesi-tip-fakultesi-halk-sagligi-anabilim-dali",
        "name": "Ankara Üniversitesi Tıp Fakültesi Halk Sağlığı Anabilim Dalı",
        "source": "OSM way/434318883"
      },
      "geometry": {
        "type": "Polygon",
        "coordinates": [
          [[32.8785808, 39.9244137], [32.8794059, 39.9239658], [32.879646, 39.9241633], [32.8798901, 39.9243659], [32.8790978, 39.9248748], [32.8785808, 39.9244137]]
        ]
      }
    },
    {
      "type": "Feature",
      "properties": {
        "id": "ankara-universitesi-veteriner-fakultesi",
        "name": "Ankara Üniversitesi Veteriner Fakültesi",
        "source": "OSM way/425528581"
      },
      "geometry": {
        "type": "Polygon",
        "coordinates": [
          [[32.8591619, 39.9554034], [32.8604036, 39.9545879], [32.8608095, 39.9549528], [32.8617215, 39.95578], [32.8623051, 39.9563398], [32.8630183, 39.9569391], [32.8635747, 39.9573779], [32.8636717, 39.9574829], [32.8637327, 39.9576263], [32.8638343, 39.9577914], [32.8642856, 39.9582963], [32.8647125, 39.9587356], [32.864867, 39.9589195], [32.8648832, 39.9590535], [32.8648222, 39.9591033], [32.8643872, 39.9591688], [32.8633424, 39.9591657], [32.862757, 39.9591563], [32.8624114, 39.959066], [32.8621057, 39.9589126], [32.8619398, 39.9587138], [32.8617935, 39.9584427], [32.8616024, 39.9583118], [32.8614682, 39.9582713], [32.8612934, 39.9581872], [32.8610495, 39.9581155], [32.8608869, 39.9580096], [32.86083, 39.9578444], [32.8605901, 39.9570934], [32.8603624, 39.9566415], [32.8599112, 39.9560962], [32.8591619, 39.9554034]]
        ]
      }
    },
    {
      "type": "Feature",
      "properties": {
        "id": "ankara-yildirim-beyazit-universitesi-bati-kampusu",
        "name": "Ankara Yıldırım Beyazıt Üniversitesi Batı Kampüsü",
        "source": "OSM way/426111817"
      },
      "geometry": {
        "type": "Polygon",
        "coordinates": [
          [[32.816207, 39.9709085], [32.8167094, 39.9708807], [32.8170062, 39.9706315], [32.8170851, 39.9705817], [32.817113, 39.9705171], [32.8170509, 39.970488], [32.8170331, 39.9704419], [32.8170837, 39.9702571], [32.8170941, 39.9702197], [32.8170837, 39.970143], [32.817418, 39.9700158], [32.8174138, 39.9699409], [32.8174436, 39.9698753], [32.8173498, 39.9696619], [32.8175972, 39.9695382], [32.8174501, 39.969323], [32.8172941, 39.969219], [32.817478, 39.9690811], [32.8180912, 39.9690871], [32.8186777, 39.96908], [32.8187149, 39.9691857], [32.8187007, 39.9699386], [32.8186996, 39.9703739], [32.8187035, 39.9706849], [32.8187129, 39.9714104], [32.8185498, 39.9715389], [32.817547, 39.9715288], [32.8166197, 39.9715243], [32.8164573, 39.9715231], [32.8162965, 39.9713993], [32.8162587, 39.9711428], [32.816207, 39.9709085]]
        ]
      }
    },
    {
      "type": "Feature",
      "properties": {
        "id": "ankara-yildirim-beyazit-universitesi-esenboga-yerleskesi",
        "name": "Ankara Yıldırım Beyazıt Üniversitesi Esenboğa Yerleşkesi",
        "source": "OSM relation/17692965"
      },
      "geometry": {
        "type": "Polygon",
        "coordinates": [
          [[32.936728, 40.1328652], [32.9369263, 40.1326682], [32.9378064, 40.1325983], [32.9379428, 40.1327226], [32.9391766, 40.1328083], [32.9402763, 40.1315871], [32.9403777, 40.1310923], [32.9423712, 40.1315608], [32.9425449, 40.1310342], [32.9426875, 40.1294967], [32.9451799, 40.1275103], [32.945511, 40.1273962], [32.9458239, 40.1275057], [32.9503027, 40.1265981], [32.9564082, 40.1253665], [32.9579282, 40.1249629], [32.9581189, 40.1254627], [32.9582771, 40.1260645], [32.9563978, 40.1287758], [32.9569393, 40.1299643], [32.9579827, 40.1303983], [32.9585241, 40.1307544], [32.9596041, 40.1310298], [32.960347, 40.1313232], [32.9612472, 40.1311983], [32.9614325, 40.1309256], [32.9616886, 40.1309339], [32.9620822, 40.1312416], [32.9621939, 40.131583], [32.9622068, 40.1320975], [32.9621841, 40.1327392], [32.9622083, 40.1340199], [32.9621285, 40.1347404], [32.9605172, 40.1347791], [32.9601921, 40.1347324], [32.9591681, 40.1348006], [32.9573657, 40.1350222], [32.9563036, 40.1353084], [32.9551099, 40.1354681], [32.9539258, 40.1355057], [32.9539301, 40.1356315], [32.9528841, 40.1357696], [32.9522308, 40.1360454], [32.9516167, 40.1363784], [32.9514417, 40.1364394], [32.9512029, 40.1365022], [32.9510918, 40.136525], [32.9509432, 40.1365477], [32.9508329, 40.136554], [32.9503949, 40.1365588], [32.9499141, 40.1365617], [32.9493094, 40.1365646], [32.9489126, 40.1365695], [32.948455, 40.1365958], [32.9468879, 40.1366095], [32.94551, 40.136372], [32.9444468, 40.1366706], [32.9443582, 40.1368118], [32.9440887, 40.1368823], [32.9436733, 40.1367858], [32.9431369, 40.1368904], [32.9430852, 40.1373072], [32.9409153, 40.1371011], [32.9403468, 40.1362794], [32.9400231, 40.1362176], [32.9396255, 40.1362053], [32.9391608, 40.1359361], [32.9397716, 40.1352624], [32.9393019, 40.1346626], [32.9385229, 40.1341057], [32.9377285, 40.1337572], [32.9375605, 40.1336835], [32.9375532, 40.1335309], [32.9372594, 40.1332939], [32.936728, 40.1328652]]
        ]
      }
    },
    {
      "type": "Feature",
      "properties": {
        "id": "ankara-yildirim-beyazit-universitesi-etlik-milli-irade-yerleskesi",
        "name": "Ankara Yıldırım Beyazıt Üniversitesi Etlik Milli İrade Yerleşkesi",
        "source": "OSM way/385146998"
      },
      "geometry": {
        "type": "Polygon",
        "coordinates": [
          [[32.8241091, 39.9717346], [32.8258583, 39.9717366], [32.8258578, 39.9723493], [32.82437, 39.9723612], [32.8242414, 39.9723622], [32.8241159, 39.9723631], [32.8241149, 39.9723162], [32.8241119, 39.9720454], [32.8241097, 39.9718688], [32.8241092, 39.971824], [32.8241092, 39.9717862], [32.8241091, 39.9717346]]
        ]
      }
    },
    {
      "type": "Feature",
      "properties": {
        "id": "ankara-yildirim-beyazit-universitesi-tip-fakultesi",
        "name": "Ankara Yıldırım Beyazıt Üniversitesi Tıp Fakültesi",
        "source": "OSM way/1142002670"
      },
      "geometry": {
        "type": "Polygon",
        "coordinates": [
          [[32.7611066, 39.9036394], [32.7611143, 39.9031682], [32.7616325, 39.9031739], [32.7622758, 39.903181], [32.762409, 39.9031802], [32.7623999, 39.9036347], [32.7623983, 39.9037151], [32.7618199, 39.9037135], [32.7617228, 39.9037133], [32.7612096, 39.9037118], [32.7611752, 39.903702], [32.7611473, 39.9036904], [32.7611194, 39.903669], [32.7611066, 39.9036394]]
        ]
      }
    },
    {
      "type": "Feature",
      "properties": {
        "id": "asker-bolge",
        "name": "Askerî Bölge",
        "source": "OSM way/425504400"
      },
      "geometry": {
        "type": "Polygon",
        "coordinates": [
          [[32.7985642, 39.9984065], [32.7986973, 39.9981346], [32.7988561, 39.9978037], [32.7999278, 39.9979772], [32.8001123, 39.9977107], [32.8003084, 39.9977733], [32.8005069, 39.9973619], [32.8003598, 39.9973082], [32.801114, 39.9961133], [32.8016581, 39.9951795], [32.8023329, 39.9951491], [32.8033276, 39.9951026], [32.803874, 39.9950543], [32.8041308, 39.9950311], [32.8044437, 39.9949881], [32.8047473, 39.9949541], [32.8050158, 39.994972], [32.8054641, 39.9950579], [32.8062183, 39.9950668], [32.8063351, 39.9949595], [32.8069819, 39.994718], [32.8070986, 39.9948504], [32.8073088, 39.9951008], [32.8076637, 39.9953692], [32.8078645, 39.9955445], [32.8080233, 39.9957019], [32.8080262, 39.995908], [32.8080273, 39.9959879], [32.8079672, 39.9966643], [32.8079168, 39.997186], [32.8079112, 39.9972438], [32.8069445, 39.9975408], [32.8062907, 39.9977161], [32.8050858, 39.9980774], [32.805282, 39.9985139], [32.8047263, 39.9987535], [32.8038249, 39.9990612], [32.8017281, 39.9997982], [32.8013148, 39.9999466], [32.8011467, 40.0000074], [32.8001286, 39.9998751], [32.7996803, 39.9997964], [32.7996079, 39.9997767], [32.7991082, 39.9991363], [32.7989518, 39.9989467], [32.7985665, 39.9984477], [32.7985642, 39.9984065]]
        ]
      }
    },
    {
      "type": "Feature",
      "properties": {
        "id": "atilim-universitesi",
        "name": "Atılım Üniversitesi",
        "source": "OSM relation/19793730"
      },
      "geometry": {
        "type": "Polygon",
        "coordinates": [
          [[32.7208998, 39.8169264], [32.7212443, 39.815704], [32.7213115, 39.8154659], [32.7213193, 39.8154381], [32.7210838, 39.8153979], [32.7212888, 39.8146235], [32.7214829, 39.8141178], [32.7217149, 39.8139661], [32.7224306, 39.8141633], [32.722302, 39.814911], [32.7225884, 39.8148776], [32.722938, 39.8147991], [32.7230773, 39.8145728], [32.725044, 39.8148342], [32.7249887, 39.8133585], [32.724647, 39.8132457], [32.723942, 39.8130096], [32.7237917, 39.812849], [32.7236266, 39.8126062], [32.7233339, 39.8123938], [32.7231365, 39.8123129], [32.723464, 39.8119442], [32.7243828, 39.8110947], [32.7253902, 39.8102191], [32.7261837, 39.8099657], [32.72652, 39.8100311], [32.725573, 39.8108832], [32.7269871, 39.8124612], [32.7262828, 39.8129698], [32.7271532, 39.8138314], [32.7276238, 39.8144994], [32.7287333, 39.8145567], [32.7292253, 39.816376], [32.7276108, 39.8165596], [32.726383, 39.8165596], [32.7263586, 39.8163473], [32.7240921, 39.8160939], [32.7238829, 39.8160677], [32.723186, 39.8159751], [32.7232797, 39.8166855], [32.7233333, 39.8170914], [32.7228174, 39.8181144], [32.7208998, 39.8169264]]
        ]
      }
    },
    {
      "type": "Feature",
      "properties": {
        "id": "ay-yildiz-musterek-kararg-hi-insaati",
        "name": "Ay Yıldız Müşterek Karargâhı İnşaatı",
        "source": "OSM way/1033170562"
      },
      "geometry": {
        "type": "Polygon",
        "coordinates": [
          [[32.6801994, 39.9242853], [32.6808461, 39.9225647], [32.6822028, 39.9211072], [32.6841148, 39.9200792], [32.6863639, 39.9195981], [32.6886936, 39.9197186], [32.6908381, 39.9204271], [32.6925528, 39.9216427], [32.6936419, 39.9232267], [32.6939814, 39.9249984], [32.6935764, 39.9266644], [32.6925065, 39.9281472], [32.6908812, 39.9292954], [32.6888664, 39.9299916], [32.6866681, 39.9301647], [32.6845108, 39.9297971], [32.6826151, 39.9289262], [32.6811746, 39.927641], [32.6803365, 39.9260729], [32.6801994, 39.9242853]]
        ]
      }
    },
    {
      "type": "Feature",
      "properties": {
        "id": "ayasli-arastirma-merkezi",
        "name": "Ayaslı Araştırma Merkezi",
        "source": "OSM way/430982889"
      },
      "geometry": {
        "type": "Polygon",
        "coordinates": [
          [[32.7813868, 39.8908279], [32.7813872, 39.8907879], [32.781401, 39.8907494], [32.7814273, 39.8907149], [32.7814644, 39.8906868], [32.7815097, 39.890667], [32.7815601, 39.8906569], [32.7816122, 39.8906572], [32.7820847, 39.8907072], [32.7820301, 39.8910106], [32.7815576, 39.8909606], [32.7815074, 39.89095], [32.7814624, 39.8909298], [32.7814258, 39.8909014], [32.7814, 39.8908666], [32.7813868, 39.8908279]]
        ]
      }
    },
    {
      "type": "Feature",
      "properties": {
        "id": "baskent-universitesi",
        "name": "Başkent Üniversitesi",
        "source": "OSM relation/20446623"
      },
      "geometry": {
        "type": "Polygon",
        "coordinates": [
          [[32.6500254, 39.8849889], [32.6507979, 39.884462], [32.6524716, 39.8842644], [32.6543365, 39.8844464], [32.6545806, 39.8845623], [32.6555025, 39.8847687], [32.6562974, 39.8848307], [32.6565155, 39.8848138], [32.6568336, 39.8850298], [32.6575184, 39.885678], [32.6578873, 39.8859919], [32.6580607, 39.8860066], [32.6582714, 39.8862501], [32.6585299, 39.8865427], [32.6590593, 39.8870319], [32.6591455, 39.887215], [32.6590994, 39.8884188], [32.6586708, 39.8891612], [32.6583409, 39.8893279], [32.6579025, 39.8898105], [32.6575738, 39.8899638], [32.6569891, 39.8899185], [32.6567021, 39.88997], [32.6563561, 39.8897662], [32.6561415, 39.8898568], [32.6558491, 39.8900613], [32.6555445, 39.8901948], [32.655125, 39.890256], [32.6544437, 39.8902601], [32.6534325, 39.8904309], [32.6524931, 39.8899612], [32.6515236, 39.8888891], [32.6514458, 39.8888368], [32.6514309, 39.8888267], [32.6505404, 39.8877879], [32.65024, 39.8861908], [32.6500254, 39.8849889]]
        ]
      }
    },
    {
      "type": "Feature",
      "properties": {
        "id": "baskent-universitesi-kahramankazan-myo",
        "name": "Başkent Üniversitesi Kahramankazan MYO",
        "source": "OSM relation/14929617"
      },
      "geometry": {
        "type": "Polygon",
        "coordinates": [
          [[32.6736643, 40.1908947], [32.6746843, 40.1904761], [32.6752442, 40.1912503], [32.6742724, 40.1917194], [32.674089, 40.1914706], [32.6740015, 40.191352], [32.6736643, 40.1908947]]
        ]
      }
    },
    {
      "type": "Feature",
      "properties": {
        "id": "bayrak-garnizonu",
        "name": "Bayrak Garnizonu",
        "source": "OSM way/438753084"
      },
      "geometry": {
        "type": "Polygon",
        "coordinates": [
          [[32.6989496, 39.663679], [32.6994914, 39.6636295], [32.6995397, 39.663328], [32.6996201, 39.6630348], [32.6994914, 39.6627003], [32.6999688, 39.6611145], [32.7002639, 39.6603546], [32.7001941, 39.6595204], [32.6996094, 39.6570797], [32.6996362, 39.6567658], [32.7019858, 39.6563528], [32.7026564, 39.6563239], [32.7030265, 39.6563363], [32.7038419, 39.6563363], [32.7049416, 39.6567204], [32.704947, 39.6573151], [32.7049041, 39.6578024], [32.7050382, 39.6578313], [32.7050596, 39.6582608], [32.7048826, 39.6591653], [32.705006, 39.6591859], [32.7127308, 39.6558902], [32.7142703, 39.6551923], [32.714383, 39.6547751], [32.7151984, 39.6545108], [32.7158689, 39.6555103], [32.7155578, 39.6556548], [32.7164054, 39.656551], [32.7162659, 39.6565965], [32.7163517, 39.6567782], [32.7164215, 39.6576], [32.7165449, 39.6581535], [32.7170759, 39.6593429], [32.7169257, 39.65938], [32.7192002, 39.6637079], [32.7190179, 39.6637533], [32.7192914, 39.6642324], [32.719152, 39.6644306], [32.7195758, 39.6646247], [32.7209866, 39.6656323], [32.7237332, 39.6678415], [32.7224189, 39.668147], [32.7199835, 39.6689853], [32.719329, 39.6692537], [32.7170652, 39.6706287], [32.7167058, 39.6709508], [32.7163732, 39.6714958], [32.7132243, 39.6736099], [32.7124786, 39.6743613], [32.7099359, 39.6743035], [32.7101827, 39.6748114], [32.7095282, 39.6748238], [32.7088308, 39.6748197], [32.7081656, 39.674894], [32.7077526, 39.6747907], [32.7075648, 39.6750261], [32.7075434, 39.6745389], [32.7072269, 39.6733498], [32.707302, 39.6729162], [32.7049845, 39.6710127], [32.7055049, 39.669935], [32.7051635, 39.6696583], [32.704931, 39.6693269], [32.7049738, 39.668977], [32.7053332, 39.6686921], [32.7054566, 39.6685641], [32.705462, 39.6684237], [32.7049094, 39.6673792], [32.7049483, 39.6672137], [32.7051113, 39.6670074], [32.705041, 39.6667436], [32.7032947, 39.6668876], [32.700027, 39.6669333], [32.7005696, 39.6653721], [32.7009237, 39.663935], [32.7000225, 39.6639598], [32.6990193, 39.6640218], [32.6989496, 39.663679]]
        ]
      }
    },
    {
      "type": "Feature",
      "properties": {
        "id": "beytepe-jandarma-ve-sahil-guvenlik-akademisi",
        "name": "Beytepe Jandarma ve Sahil Güvenlik Akademisi",
        "source": "OSM way/32896227"
      },
      "geometry": {
        "type": "Polygon",
        "coordinates": [
          [[32.725836, 39.8462029], [32.726292, 39.8457087], [32.7263198, 39.8452554], [32.7279709, 39.8451873], [32.7298075, 39.8451943], [32.7307544, 39.8446619], [32.7310763, 39.8440977], [32.7315211, 39.843514], [32.7312399, 39.8432538], [32.7307624, 39.8419529], [32.7282729, 39.8414382], [32.7282278, 39.8413135], [32.7281393, 39.8411815], [32.7267912, 39.8391712], [32.7273286, 39.8384622], [32.7282983, 39.8387354], [32.7289491, 39.8380859], [32.7306549, 39.8386674], [32.7316974, 39.8374991], [32.7351648, 39.838859], [32.7374515, 39.840151], [32.740379, 39.8418123], [32.7424765, 39.8417917], [32.7433884, 39.8415282], [32.7442949, 39.8412539], [32.7450442, 39.8409002], [32.7465588, 39.8401853], [32.7479092, 39.8402398], [32.7479393, 39.840241], [32.7496397, 39.8403638], [32.7513528, 39.8406265], [32.7518683, 39.8406879], [32.7524677, 39.8406566], [32.7536719, 39.8405367], [32.7542194, 39.8401195], [32.7546591, 39.8397995], [32.7561154, 39.8396437], [32.7575889, 39.8390832], [32.7577132, 39.8389889], [32.757862, 39.8381534], [32.7580762, 39.8373268], [32.7586102, 39.8353836], [32.7597874, 39.8359079], [32.7608433, 39.8363357], [32.7608186, 39.8363909], [32.7613867, 39.8366497], [32.7615904, 39.8364018], [32.7618093, 39.836396], [32.7620356, 39.8364793], [32.7622686, 39.8365434], [32.7624829, 39.8365869], [32.7627881, 39.8366252], [32.7630629, 39.8366448], [32.7637878, 39.837345], [32.7633006, 39.8374007], [32.7628122, 39.8375357], [32.7613437, 39.8378229], [32.7612928, 39.8378446], [32.7612347, 39.8378978], [32.7612261, 39.837939], [32.7611257, 39.8386951], [32.7607101, 39.8425001], [32.7624482, 39.8448314], [32.7640414, 39.8469154], [32.7643096, 39.8471419], [32.7648032, 39.8473602], [32.765242, 39.847535], [32.7657303, 39.8476939], [32.764398, 39.8487474], [32.7635969, 39.8492843], [32.7627754, 39.8499655], [32.7619543, 39.8505213], [32.7607902, 39.8512307], [32.7604738, 39.8509484], [32.7594836, 39.8500949], [32.7576251, 39.8498409], [32.7557531, 39.8503784], [32.7529821, 39.8494533], [32.7514672, 39.8490076], [32.7505767, 39.8497613], [32.7497774, 39.8500372], [32.7493804, 39.8500785], [32.7493053, 39.8502061], [32.7497506, 39.8506015], [32.7498204, 39.8507209], [32.7497238, 39.8516187], [32.7502817, 39.8533483], [32.7488065, 39.8539785], [32.7488011, 39.8541061], [32.7492303, 39.8548968], [32.7491444, 39.8551521], [32.7486046, 39.8551517], [32.7468377, 39.8552139], [32.7459901, 39.8551069], [32.7456414, 39.8552057], [32.7456683, 39.8553539], [32.7444076, 39.8556381], [32.7445686, 39.8550986], [32.7440536, 39.8549998], [32.7442038, 39.8545014], [32.743662, 39.854415], [32.7436244, 39.8545632], [32.7415913, 39.8541061], [32.7410388, 39.853995], [32.7410173, 39.8541596], [32.740395, 39.8541144], [32.7398532, 39.8539208], [32.7393758, 39.8540773], [32.7390325, 39.8542503], [32.7387482, 39.8543943], [32.737965, 39.8544438], [32.7372354, 39.8543943], [32.7359909, 39.8541226], [32.7358192, 39.8541431], [32.7355242, 39.8541803], [32.735315, 39.8544643], [32.7352077, 39.8542338], [32.7338988, 39.8534595], [32.7346766, 39.8526483], [32.7340972, 39.8512893], [32.7324557, 39.8520882], [32.732327, 39.8520059], [32.7324021, 39.8506674], [32.7323538, 39.8497531], [32.7324825, 39.8495719], [32.732225, 39.8494278], [32.7313721, 39.8490983], [32.730049, 39.8484426], [32.7277697, 39.8473132], [32.7272816, 39.8473089], [32.725836, 39.8462029]]
        ]
      }
    },
    {
      "type": "Feature",
      "properties": {
        "id": "bilkent-universitesi",
        "name": "Bilkent Üniversitesi",
        "source": "OSM way/28229642"
      },
      "geometry": {
        "type": "Polygon",
        "coordinates": [
          [[32.7414833, 39.8648116], [32.7419927, 39.8639942], [32.7430559, 39.8618752], [32.746097, 39.8631591], [32.746406, 39.8627812], [32.7478474, 39.8628528], [32.7482986, 39.8633481], [32.7499805, 39.8630381], [32.7491777, 39.86256], [32.7495943, 39.8619345], [32.7496759, 39.8607445], [32.7511135, 39.8600527], [32.7527872, 39.8595586], [32.7554579, 39.8601022], [32.7571217, 39.8601433], [32.7595893, 39.860621], [32.7620569, 39.8613622], [32.7640412, 39.8619716], [32.7649151, 39.8627251], [32.7655039, 39.863512], [32.7657834, 39.8653319], [32.7657426, 39.8659986], [32.7653762, 39.8675479], [32.7653523, 39.8686637], [32.7653843, 39.8701496], [32.7646236, 39.8724816], [32.7644145, 39.8733004], [32.7640041, 39.8731891], [32.7637803, 39.8731243], [32.7626312, 39.874256], [32.7620594, 39.8751045], [32.7609067, 39.8747753], [32.7607074, 39.8747166], [32.7608581, 39.8744196], [32.7608163, 39.8744024], [32.7606929, 39.8743518], [32.7606335, 39.8743275], [32.7604496, 39.8742654], [32.7603768, 39.8743652], [32.7602413, 39.8746953], [32.7604145, 39.874781], [32.7601298, 39.8755672], [32.760044, 39.8774667], [32.7601674, 39.8778743], [32.7605525, 39.8783872], [32.7601749, 39.8788248], [32.7582072, 39.8785379], [32.7568924, 39.8777849], [32.7560654, 39.8789113], [32.7560673, 39.8807415], [32.7559684, 39.8811728], [32.7550165, 39.8808302], [32.7548895, 39.8810159], [32.7544847, 39.8808868], [32.7541455, 39.8807879], [32.7537413, 39.8807139], [32.7533563, 39.8807195], [32.75332, 39.8806242], [32.7529521, 39.8803284], [32.7525844, 39.8800328], [32.7514693, 39.8790963], [32.7507958, 39.8794346], [32.7507086, 39.8794287], [32.7506997, 39.8795064], [32.7494572, 39.8801064], [32.7485635, 39.8805692], [32.7481605, 39.8807868], [32.7479987, 39.8809236], [32.7479219, 39.8809993], [32.7475972, 39.8802501], [32.7472459, 39.8794973], [32.7468694, 39.8787695], [32.7462805, 39.8776898], [32.7461542, 39.8774871], [32.7443624, 39.8746883], [32.7438765, 39.8739058], [32.743758, 39.8736736], [32.743684, 39.8734762], [32.7434474, 39.8728371], [32.7433495, 39.8725727], [32.7432286, 39.8722463], [32.7429953, 39.8716162], [32.7428879, 39.8713341], [32.7426802, 39.8707885], [32.7424311, 39.8701342], [32.7422578, 39.8697435], [32.742199, 39.8696017], [32.7420724, 39.8692968], [32.7418488, 39.8675947], [32.7416265, 39.8659017], [32.7414833, 39.8648116]]
        ]
      }
    },
    {
      "type": "Feature",
      "properties": {
        "id": "cankaya-universitesi",
        "name": "Çankaya Üniversitesi",
        "source": "OSM relation/16863879"
      },
      "geometry": {
        "type": "Polygon",
        "coordinates": [
          [[32.5567553, 39.8216056], [32.5579303, 39.8206291], [32.5595178, 39.8188383], [32.5606983, 39.8171891], [32.5612544, 39.816258], [32.5613144, 39.8161972], [32.5614087, 39.8161761], [32.5614773, 39.8161717], [32.5615669, 39.8161871], [32.5623257, 39.8164645], [32.5630707, 39.8167756], [32.5674755, 39.8197578], [32.5665363, 39.8207645], [32.5664708, 39.8208347], [32.5662172, 39.8211065], [32.5659089, 39.8212034], [32.5655908, 39.8215847], [32.5640538, 39.823427], [32.5636268, 39.8232456], [32.5634905, 39.8236573], [32.5633088, 39.824034], [32.5630544, 39.8243201], [32.5627456, 39.8245992], [32.5622899, 39.8241021], [32.561654, 39.8239417], [32.5608182, 39.8233556], [32.5599824, 39.8234951], [32.5591375, 39.8215694], [32.558656, 39.8215764], [32.5583744, 39.8210112], [32.5567553, 39.8216056]]
        ]
      }
    },
    {
      "type": "Feature",
      "properties": {
        "id": "cankaya-universitesi-balgat-kampusu",
        "name": "Çankaya Üniversitesi Balgat Kampüsü",
        "source": "OSM way/404864533"
      },
      "geometry": {
        "type": "Polygon",
        "coordinates": [
          [[32.7935962, 39.9034443], [32.7944497, 39.9024876], [32.7951739, 39.9015946], [32.7954614, 39.901071], [32.7957478, 39.9004917], [32.7970825, 39.9010221], [32.7959407, 39.9026418], [32.7947932, 39.9039874], [32.7935962, 39.9034443]]
        ]
      }
    },
    {
      "type": "Feature",
      "properties": {
        "id": "cankaya-universitesi-lojman",
        "name": "Çankaya Üniversitesi Lojman",
        "source": "OSM relation/16863880"
      },
      "geometry": {
        "type": "Polygon",
        "coordinates": [
          [[32.5553413, 39.8228869], [32.5553586, 39.8228176], [32.5554279, 39.8227345], [32.555625, 39.8225721], [32.5557579, 39.8224626], [32.5565178, 39.8218365], [32.5571021, 39.8227834], [32.557207, 39.8229534], [32.5572287, 39.8230061], [32.5572179, 39.8230504], [32.5571926, 39.8230892], [32.556359, 39.8234302], [32.5554488, 39.8230453], [32.5553955, 39.8230227], [32.555354, 39.8229576], [32.5553413, 39.8228869]]
        ]
      }
    },
    {
      "type": "Feature",
      "properties": {
        "id": "cigiltepe-asker-lojmanlari",
        "name": "Çiğiltepe Askerî Lojmanları",
        "source": "OSM way/412997037"
      },
      "geometry": {
        "type": "Polygon",
        "coordinates": [
          [[32.9095552, 39.9539674], [32.9113814, 39.9533325], [32.910768, 39.9520471], [32.9108293, 39.9519272], [32.9111833, 39.9517915], [32.9121105, 39.9514388], [32.9134908, 39.9510264], [32.915317, 39.9505055], [32.9155082, 39.9505109], [32.9157063, 39.9508419], [32.9158125, 39.951976], [32.9160724, 39.9531343], [32.9164213, 39.9540596], [32.9145926, 39.9546855], [32.914503, 39.9547162], [32.9105504, 39.9559789], [32.9095552, 39.9539674]]
        ]
      }
    },
    {
      "type": "Feature",
      "properties": {
        "id": "cubuk-ilce-jandarma-komutanligi",
        "name": "Çubuk İlçe Jandarma Komutanlığı",
        "source": "OSM way/222878787"
      },
      "geometry": {
        "type": "Polygon",
        "coordinates": [
          [[33.0395355, 40.2200354], [33.0407157, 40.2198309], [33.0407598, 40.2199061], [33.0407022, 40.2199881], [33.0406299, 40.2201366], [33.0404712, 40.2206054], [33.0404303, 40.2207226], [33.0404097, 40.2208253], [33.0403598, 40.2208596], [33.0399756, 40.2208656], [33.0395355, 40.2200354]]
        ]
      }
    },
    {
      "type": "Feature",
      "properties": {
        "id": "cumhurbaskanligi-yerleskesi",
        "name": "Cumhurbaşkanlığı Yerleşkesi",
        "source": "OSM way/898630230"
      },
      "geometry": {
        "type": "Polygon",
        "coordinates": [
          [[32.7936274, 39.931994], [32.7936476, 39.9317261], [32.793695, 39.9314776], [32.7937735, 39.9312284], [32.7938864, 39.9309673], [32.7939858, 39.9307925], [32.7940325, 39.9307102], [32.7942216, 39.930451], [32.7962024, 39.9284], [32.7971643, 39.9287265], [32.7980238, 39.9290182], [32.7981623, 39.9290651], [32.7982158, 39.9290833], [32.7983535, 39.92913], [32.7994428, 39.9294997], [32.799554, 39.9295375], [32.801575, 39.9302234], [32.8017407, 39.9302796], [32.8016727, 39.9303975], [32.8016518, 39.9304338], [32.801631, 39.93047], [32.8016162, 39.9304959], [32.8013655, 39.9309305], [32.8011089, 39.9313749], [32.8008553, 39.9318161], [32.8003454, 39.9326991], [32.8003294, 39.9327267], [32.8003087, 39.9327626], [32.8002879, 39.9327989], [32.8002244, 39.9329096], [32.8001536, 39.9330952], [32.8000987, 39.9332655], [32.8000496, 39.9334347], [32.8000099, 39.9336116], [32.7999796, 39.9337887], [32.7999634, 39.9339811], [32.7999626, 39.934172], [32.7999763, 39.9343406], [32.8000033, 39.9345081], [32.8000376, 39.9346288], [32.8000463, 39.9347601], [32.800035, 39.9349072], [32.8001427, 39.9351438], [32.800279, 39.9353871], [32.8004181, 39.9356266], [32.8004516, 39.935744], [32.8004546, 39.9358623], [32.8004318, 39.9359829], [32.8003851, 39.9361045], [32.8003245, 39.9362076], [32.8002262, 39.9363224], [32.800091, 39.9364249], [32.799963, 39.9364946], [32.7998253, 39.9365457], [32.7996666, 39.9365803], [32.7995137, 39.9365929], [32.7993433, 39.9365904], [32.7983235, 39.9365248], [32.798351, 39.9364197], [32.7984343, 39.9361019], [32.7984461, 39.9360568], [32.7978329, 39.9356804], [32.7975461, 39.9356022], [32.7973868, 39.9356092], [32.7972512, 39.9356558], [32.7969373, 39.9360541], [32.7967286, 39.935915], [32.7965543, 39.9357769], [32.7944978, 39.9339088], [32.7943011, 39.933709], [32.7941139, 39.933474], [32.7939432, 39.9332118], [32.7938039, 39.9329301], [32.7937202, 39.932707], [32.7936646, 39.9324834], [32.7936337, 39.9322456], [32.7936274, 39.931994]]
        ]
      }
    },
    {
      "type": "Feature",
      "properties": {
        "id": "deniz-kuvvetleri-ikmal-komutanligi",
        "name": "Deniz Kuvvetleri İkmal Komutanlığı",
        "source": "OSM way/292102569"
      },
      "geometry": {
        "type": "Polygon",
        "coordinates": [
          [[32.8783572, 39.9325697], [32.8784484, 39.9324628], [32.8788132, 39.9322365], [32.8788928, 39.9322057], [32.8793598, 39.9320253], [32.8794572, 39.9319877], [32.8803045, 39.9316565], [32.8810365, 39.93199], [32.8810448, 39.9319938], [32.8808678, 39.9322365], [32.881173, 39.9330185], [32.8803623, 39.933254], [32.8800417, 39.9333472], [32.8797737, 39.9333122], [32.8795811, 39.9332181], [32.8786965, 39.9327856], [32.8786406, 39.9327501], [32.8783572, 39.9325697]]
        ]
      }
    },
    {
      "type": "Feature",
      "properties": {
        "id": "deniz-kuvvetleri-komutanligi",
        "name": "Deniz Kuvvetleri Komutanlığı",
        "source": "OSM way/405117136"
      },
      "geometry": {
        "type": "Polygon",
        "coordinates": [
          [[32.8461985, 39.9126999], [32.8480138, 39.9121928], [32.8486974, 39.9135176], [32.8488189, 39.9138836], [32.8487938, 39.9140196], [32.8486786, 39.9141204], [32.8470287, 39.914403], [32.8469421, 39.9142321], [32.84677, 39.9138923], [32.8464709, 39.9133062], [32.8461985, 39.9126999]]
        ]
      }
    },
    {
      "type": "Feature",
      "properties": {
        "id": "deniz-lojmanlari",
        "name": "Deniz Lojmanları",
        "source": "OSM way/1452006525"
      },
      "geometry": {
        "type": "Polygon",
        "coordinates": [
          [[32.6941187, 39.93441], [32.6944119, 39.9342181], [32.6957351, 39.933516], [32.6960785, 39.9333625], [32.6966006, 39.9332528], [32.6982958, 39.9329018], [32.6980597, 39.9337903], [32.6980575, 39.9337915], [32.6951558, 39.9353698], [32.6951527, 39.9353669], [32.6941187, 39.93441]]
        ]
      }
    },
    {
      "type": "Feature",
      "properties": {
        "id": "eski-zirhli-birlikler-okulu-egitim-ve-tumen-komutanligi",
        "name": "Eski Zırhlı Birlikler Okulu, Eğitim ve Tümen Komutanlığı",
        "source": "OSM relation/7842588"
      },
      "geometry": {
        "type": "MultiPolygon",
        "coordinates": [
          [
            [[32.6545458, 39.9248831], [32.6546314, 39.9230187], [32.6552306, 39.9220078], [32.6559154, 39.9207473], [32.6563434, 39.9197363], [32.6564726, 39.9186641], [32.6603313, 39.9231385], [32.6614167, 39.9243463], [32.6615444, 39.9252082], [32.6614747, 39.9265455], [32.6614313, 39.9273752], [32.6609305, 39.92804], [32.6615837, 39.9284266], [32.6625715, 39.9281821], [32.6638753, 39.9281485], [32.6648104, 39.9282779], [32.6655793, 39.9286615], [32.6665322, 39.9295022], [32.6712444, 39.9341492], [32.6724581, 39.9351866], [32.6738854, 39.9363639], [32.6748916, 39.9371191], [32.6758497, 39.9380185], [32.6766788, 39.9386024], [32.6769288, 39.9387495], [32.6774141, 39.9389452], [32.6780813, 39.9392142], [32.6793353, 39.9396952], [32.6805672, 39.940353], [32.6829984, 39.9417815], [32.6824875, 39.9423061], [32.6821755, 39.9426046], [32.6811462, 39.9430642], [32.6795883, 39.9435302], [32.6788467, 39.9438154], [32.6783192, 39.9433395], [32.677673, 39.9424194], [32.6773501, 39.9418644], [32.6770862, 39.9414108], [32.6775455, 39.9401186], [32.6771752, 39.9392063], [32.6742848, 39.938987], [32.6739863, 39.9390189], [32.6734808, 39.9394945], [32.6730186, 39.9419491], [32.6730727, 39.9426028], [32.6750689, 39.9432856], [32.6745617, 39.9433348], [32.6729137, 39.9437034], [32.6713549, 39.9445647], [32.6703951, 39.944988], [32.6696897, 39.9455032], [32.6693571, 39.9456795], [32.6687563, 39.9457735], [32.6686331, 39.9440397], [32.6682325, 39.9440539], [32.6676072, 39.9441749], [32.6675381, 39.9446693], [32.6673267, 39.9451736], [32.6666304, 39.9452822], [32.6663839, 39.9452397], [32.6661128, 39.9450224], [32.66581, 39.9449237], [32.6649922, 39.9418225], [32.6642257, 39.9404137], [32.6641606, 39.9397425], [32.6641393, 39.9373495], [32.6655841, 39.9361964], [32.6663342, 39.935467], [32.6658494, 39.9349434], [32.6653136, 39.9352156], [32.664609, 39.9353722], [32.6641833, 39.9350289], [32.6635518, 39.9351569], [32.6623024, 39.935475], [32.6619083, 39.9351619], [32.6612126, 39.9355428], [32.6604928, 39.933737], [32.6604018, 39.9331257], [32.6601613, 39.9326684], [32.6599064, 39.9323864], [32.6597029, 39.9322691], [32.6586093, 39.9321222], [32.6576568, 39.9320574], [32.6572205, 39.9323183], [32.6571425, 39.9323603], [32.6568325, 39.9324671], [32.655708, 39.9329831], [32.6552157, 39.9318266], [32.655096, 39.9314676], [32.655087, 39.9311484], [32.6550594, 39.9306598], [32.6549396, 39.9291238], [32.6545458, 39.9248831]]
          ],
          [
            [[32.6658481, 39.925471], [32.6658666, 39.9245427], [32.6661447, 39.923869], [32.6666206, 39.9232802], [32.6682325, 39.9213378], [32.6721372, 39.9167995], [32.6773272, 39.9108442], [32.6787786, 39.9091396], [32.679365, 39.9084654], [32.6797131, 39.9079315], [32.6798618, 39.907526], [32.679869, 39.9069564], [32.6795787, 39.9058165], [32.6794083, 39.9051848], [32.6793798, 39.9048899], [32.6794915, 39.9045815], [32.6796746, 39.9042965], [32.6799276, 39.904055], [32.6803305, 39.903797], [32.6808125, 39.9036212], [32.6812405, 39.9035676], [32.6818041, 39.9036531], [32.682212, 39.9037738], [32.6825873, 39.9039943], [32.6828402, 39.9041769], [32.6830441, 39.9043621], [32.6834035, 39.904753], [32.6839131, 39.9055493], [32.6843905, 39.9063826], [32.6846829, 39.9067632], [32.6849055, 39.9069628], [32.6851254, 39.9071359], [32.6883708, 39.9090635], [32.6889651, 39.9094074], [32.6897287, 39.9098493], [32.6902868, 39.9101349], [32.6910551, 39.9104577], [32.6919346, 39.9107121], [32.6929283, 39.9109178], [32.6948475, 39.9111192], [32.6958843, 39.9111938], [32.697375, 39.9113549], [32.6973846, 39.9112319], [32.7023663, 39.9115511], [32.7023604, 39.9116468], [32.7033193, 39.9116715], [32.7052838, 39.9117638], [32.7076297, 39.9118827], [32.7082616, 39.912033], [32.708591, 39.9123279], [32.7094419, 39.9130871], [32.7102814, 39.9138955], [32.7104055, 39.9140815], [32.7104402, 39.9143608], [32.7104242, 39.9147336], [32.7102154, 39.9149201], [32.7099442, 39.9150339], [32.7099968, 39.9151914], [32.7102942, 39.9151733], [32.7102342, 39.9153991], [32.7103626, 39.9154122], [32.710307, 39.915664], [32.7098754, 39.9164297], [32.7095674, 39.9167383], [32.7076686, 39.918164], [32.7073096, 39.9187771], [32.707092, 39.9190684], [32.7064513, 39.919678], [32.7065302, 39.919713], [32.7066199, 39.9197527], [32.7062331, 39.920255], [32.7058148, 39.9210127], [32.7055247, 39.9218692], [32.7054767, 39.9222126], [32.7053074, 39.9239772], [32.7048519, 39.9254248], [32.7047977, 39.926205], [32.7046832, 39.9264425], [32.7043829, 39.9267737], [32.7033184, 39.927616], [32.7021116, 39.929015], [32.7007791, 39.9305662], [32.6995629, 39.9316647], [32.6988002, 39.9323508], [32.6982476, 39.9325538], [32.6960125, 39.9330476], [32.6955862, 39.9331722], [32.6951743, 39.9333419], [32.693972, 39.9340015], [32.691645, 39.9352832], [32.6898728, 39.9362581], [32.6898361, 39.9362107], [32.6895156, 39.936411], [32.6895401, 39.9364385], [32.6876134, 39.9374893], [32.6862118, 39.9382599], [32.6859674, 39.9384268], [32.6859202, 39.9383889], [32.6857801, 39.938516], [32.6858182, 39.9385508], [32.6852917, 39.9390492], [32.6847397, 39.9396081], [32.6838022, 39.9406322], [32.6832738, 39.9413156], [32.6831207, 39.9413569], [32.6823138, 39.9409283], [32.6822041, 39.9407389], [32.6821381, 39.9405209], [32.6820629, 39.9404585], [32.6819844, 39.9405101], [32.681794, 39.9405806], [32.6817436, 39.9405746], [32.6804083, 39.9398423], [32.6794741, 39.939346], [32.6791842, 39.9391471], [32.6785493, 39.9385886], [32.6778459, 39.9380137], [32.677869, 39.9379329], [32.677744, 39.9378014], [32.6775105, 39.9378265], [32.6770862, 39.9375988], [32.6756332, 39.9368997], [32.6748899, 39.936533], [32.6742261, 39.9360765], [32.673137, 39.9352255], [32.6718281, 39.9340836], [32.6676038, 39.9297074], [32.6662552, 39.9282784], [32.6660641, 39.9278088], [32.6658481, 39.925471]],
            [[32.6801994, 39.9242853], [32.6803365, 39.9260729], [32.6811746, 39.927641], [32.6826151, 39.9289262], [32.6845108, 39.9297971], [32.6866681, 39.9301647], [32.6888664, 39.9299916], [32.6908812, 39.9292954], [32.6925065, 39.9281472], [32.6935764, 39.9266644], [32.6939814, 39.9249984], [32.6936419, 39.9232267], [32.6925528, 39.9216427], [32.6908381, 39.9204271], [32.6886936, 39.9197186], [32.6863639, 39.9195981], [32.6841148, 39.9200792], [32.6822028, 39.9211072], [32.6808461, 39.9225647], [32.6801994, 39.9242853]]
          ],
          [
            [[32.6759262, 39.8987923], [32.6760837, 39.8983056], [32.6772787, 39.8976552], [32.6775485, 39.8976714], [32.6787144, 39.8982773], [32.6799514, 39.8989297], [32.6804409, 39.8993069], [32.6808163, 39.8990559], [32.6819016, 39.8989029], [32.6822324, 39.8997829], [32.6833337, 39.9005135], [32.6828746, 39.900986], [32.6834866, 39.901231], [32.6843669, 39.9011607], [32.6845029, 39.901321], [32.6863269, 39.9005232], [32.6870328, 39.9009375], [32.6876074, 39.9006244], [32.6882709, 39.9007209], [32.6887245, 39.9010022], [32.6916368, 39.9028083], [32.6925514, 39.9033663], [32.6934417, 39.9039045], [32.6942801, 39.9043215], [32.6952169, 39.904683], [32.697409, 39.9052269], [32.6975266, 39.9062614], [32.699636, 39.9065444], [32.7007102, 39.9064938], [32.6990428, 39.9070245], [32.6981202, 39.9080475], [32.6973104, 39.9089994], [32.6988965, 39.9106499], [32.6980146, 39.9108756], [32.6974775, 39.9108132], [32.6974722, 39.9106993], [32.695836, 39.9106702], [32.6948326, 39.9106012], [32.6934755, 39.9105447], [32.6926313, 39.9104566], [32.692179, 39.9103677], [32.6916646, 39.9102275], [32.6911643, 39.9100716], [32.6907409, 39.9099035], [32.690374, 39.9097355], [32.6899491, 39.9095243], [32.6892599, 39.9091278], [32.688781, 39.9088264], [32.6881699, 39.9084636], [32.6879388, 39.9083264], [32.6875634, 39.9081035], [32.6857696, 39.9069501], [32.6852752, 39.9066561], [32.6847616, 39.9060611], [32.6841003, 39.9048971], [32.6840381, 39.9047877], [32.6836679, 39.9043077], [32.6835357, 39.9036985], [32.6836529, 39.9031414], [32.6836959, 39.9027119], [32.6835939, 39.9025123], [32.6834072, 39.9023146], [32.6828535, 39.9020665], [32.6824462, 39.9020903], [32.6818741, 39.9022545], [32.6812081, 39.9027193], [32.679346, 39.9019401], [32.6791734, 39.901622], [32.6776263, 39.9005682], [32.676766, 39.8997828], [32.6759262, 39.8987923]]
          ]
        ]
      }
    },
    {
      "type": "Feature",
      "properties": {
        "id": "etiler-kislasi",
        "name": "Etiler Kışlası",
        "source": "OSM way/473918542"
      },
      "geometry": {
        "type": "Polygon",
        "coordinates": [
          [[32.8260488, 39.9397102], [32.8275159, 39.9389883], [32.827701, 39.9389616], [32.8290367, 39.9383344], [32.829388, 39.9381744], [32.8295652, 39.9380937], [32.8304047, 39.9377112], [32.831204, 39.9373287], [32.8316224, 39.9374315], [32.8325933, 39.9365966], [32.8331673, 39.9368434], [32.8349108, 39.9389698], [32.8347472, 39.9390542], [32.8346157, 39.9391817], [32.8349081, 39.9396793], [32.8348384, 39.9397246], [32.8347418, 39.939739], [32.8345272, 39.9398541], [32.8342375, 39.9400289], [32.8337226, 39.9402675], [32.8320998, 39.9411744], [32.8311718, 39.9417214], [32.8306246, 39.9420196], [32.830182, 39.942215], [32.8300828, 39.9422684], [32.8299326, 39.9423054], [32.8297475, 39.9422849], [32.829549, 39.9421204], [32.8292567, 39.9418222], [32.8287819, 39.9413636], [32.82857, 39.941234], [32.8283072, 39.9411127], [32.8278566, 39.9410119], [32.827701, 39.9409975], [32.8275079, 39.9409729], [32.8273416, 39.94094], [32.8271833, 39.9408844], [32.8270251, 39.9408042], [32.8269205, 39.9407364], [32.8267944, 39.9406212], [32.8260488, 39.9397102]]
        ]
      }
    },
    {
      "type": "Feature",
      "properties": {
        "id": "fizik-bolumu",
        "name": "Fizik Bölümü",
        "source": "OSM way/329056271"
      },
      "geometry": {
        "type": "Polygon",
        "coordinates": [
          [[32.7823949, 39.8946572], [32.7823993, 39.8946307], [32.7824038, 39.8946035], [32.7825433, 39.8946172], [32.7825521, 39.8945642], [32.782582, 39.8945671], [32.7826118, 39.89457], [32.7826047, 39.8946124], [32.7825828, 39.8947444], [32.7825492, 39.8947411], [32.7825136, 39.8947376], [32.7825249, 39.8946699], [32.7823949, 39.8946572]]
        ]
      }
    },
    {
      "type": "Feature",
      "properties": {
        "id": "gazi-universitesi",
        "name": "Gazi Üniversitesi",
        "source": "OSM way/10594007"
      },
      "geometry": {
        "type": "Polygon",
        "coordinates": [
          [[32.8149877, 39.9406534], [32.8154658, 39.9399877], [32.8161979, 39.9402574], [32.8165422, 39.9401338], [32.8173933, 39.9392943], [32.8175374, 39.9393719], [32.818496, 39.938374], [32.8189193, 39.9385837], [32.8207494, 39.9367322], [32.8211871, 39.9365901], [32.821281, 39.9366738], [32.8217773, 39.937521], [32.8218701, 39.9377064], [32.8220062, 39.9379669], [32.8220655, 39.9381526], [32.8220655, 39.9382571], [32.8221351, 39.9382876], [32.8222162, 39.9383231], [32.8226259, 39.9379042], [32.8228095, 39.9377713], [32.822887, 39.9377821], [32.8231427, 39.9380687], [32.823304, 39.9382632], [32.8232662, 39.9383069], [32.8233034, 39.9383659], [32.8233594, 39.9383422], [32.8240145, 39.9397006], [32.824666, 39.9408665], [32.8247451, 39.9413819], [32.8247293, 39.9422307], [32.8224753, 39.9427583], [32.821898, 39.9427825], [32.8215184, 39.9427219], [32.8206959, 39.9424005], [32.8194007, 39.941657], [32.8194028, 39.9416324], [32.8193225, 39.9415886], [32.8192954, 39.9415975], [32.8191341, 39.9414898], [32.8188053, 39.9412026], [32.818614, 39.9410371], [32.818105, 39.9406487], [32.8171997, 39.9402161], [32.8170929, 39.9403527], [32.8167267, 39.9403705], [32.8161835, 39.940955], [32.8149877, 39.9406534]]
        ]
      }
    },
    {
      "type": "Feature",
      "properties": {
        "id": "gazi-universitesi-karayolu-ulastirmasi-uygulama-ve-arastirma-merkez",
        "name": "Gazi Üniversitesi Karayolu Ulaştırması Uygulama Ve Araştırma Merkez",
        "source": "OSM way/439658956"
      },
      "geometry": {
        "type": "Polygon",
        "coordinates": [
          [[32.8586335, 39.879014], [32.8587139, 39.8783023], [32.8593968, 39.8783477], [32.8593164, 39.8790594], [32.8586335, 39.879014]]
        ]
      }
    },
    {
      "type": "Feature",
      "properties": {
        "id": "gazi-universitesi-maltepe-yerleskesi",
        "name": "Gazi Üniversitesi Maltepe Yerleşkesi",
        "source": "OSM way/404870021"
      },
      "geometry": {
        "type": "Polygon",
        "coordinates": [
          [[32.8443839, 39.9320402], [32.844781, 39.9315762], [32.8458495, 39.9302882], [32.8458953, 39.9302419], [32.8459291, 39.9302056], [32.8459675, 39.9302267], [32.8459948, 39.9302032], [32.8460221, 39.9301797], [32.8459697, 39.9301425], [32.8462087, 39.9299081], [32.8463122, 39.9298592], [32.8463717, 39.929917], [32.8474996, 39.9310364], [32.8475868, 39.931123], [32.8452077, 39.9326124], [32.8451751, 39.9326328], [32.8451351, 39.9326112], [32.845033, 39.932595], [32.8450573, 39.9325188], [32.8450786, 39.9324523], [32.8450135, 39.932344], [32.8450108, 39.9323395], [32.844879, 39.9322262], [32.8448551, 39.9322172], [32.8447833, 39.9321903], [32.8443839, 39.9320402]]
        ]
      }
    },
    {
      "type": "Feature",
      "properties": {
        "id": "gazi-universitesi-ostim-yerleskesi",
        "name": "Gazi Üniversitesi Ostim Yerleşkesi",
        "source": "OSM way/1084174541"
      },
      "geometry": {
        "type": "Polygon",
        "coordinates": [
          [[32.7449248, 39.9825783], [32.7450836, 39.9822955], [32.7467079, 39.9828003], [32.7459183, 39.984206], [32.7450793, 39.9838509], [32.7449248, 39.9825783]]
        ]
      }
    },
    {
      "type": "Feature",
      "properties": {
        "id": "gazi-universitesi-tip-fakultesi",
        "name": "Gazi Üniversitesi Tıp Fakültesi",
        "source": "OSM way/474080082"
      },
      "geometry": {
        "type": "Polygon",
        "coordinates": [
          [[32.8207168, 39.9327055], [32.8207865, 39.9325142], [32.8209846, 39.9323709], [32.8211834, 39.932288], [32.8212878, 39.9322899], [32.8213951, 39.9323084], [32.8226638, 39.9327486], [32.8232592, 39.9329193], [32.8233933, 39.9329131], [32.8235248, 39.9329295], [32.8237152, 39.9329563], [32.8236052, 39.9338756], [32.8250107, 39.9338838], [32.8251502, 39.9340479], [32.8253407, 39.9342207], [32.8250898, 39.9343082], [32.8242168, 39.934579], [32.8239244, 39.9347106], [32.8238761, 39.9346407], [32.823023, 39.9349994], [32.8238979, 39.9362039], [32.8235439, 39.9361812], [32.8233024, 39.9361113], [32.822798, 39.935397], [32.8226936, 39.9352537], [32.8226074, 39.9351281], [32.8218564, 39.9342067], [32.8215917, 39.9338161], [32.8207168, 39.9327055]]
        ]
      }
    },
    {
      "type": "Feature",
      "properties": {
        "id": "gazi-universitesi-tusas-kazan-meslek-yuksekokulu",
        "name": "Gazi Üniversitesi Tusaş Kazan Meslek Yüksekokulu",
        "source": "OSM way/1084175275"
      },
      "geometry": {
        "type": "Polygon",
        "coordinates": [
          [[32.6523094, 40.15199], [32.6528465, 40.1516397], [32.6526462, 40.1514055], [32.6530528, 40.1512524], [32.6531833, 40.1514379], [32.6535232, 40.1513127], [32.654907, 40.1526811], [32.6536931, 40.1533932], [32.6523094, 40.15199]]
        ]
      }
    },
    {
      "type": "Feature",
      "properties": {
        "id": "gazi-ve-ankara-haci-bayram-veli-universitesi-golbasi-yerleskesi",
        "name": "Gazi ve Ankara Hacı Bayram Veli Üniversitesi Gölbaşı Yerleşkesi",
        "source": "OSM way/364905927"
      },
      "geometry": {
        "type": "Polygon",
        "coordinates": [
          [[32.8044963, 39.7811671], [32.8047, 39.779708], [32.8047877, 39.7791341], [32.8057236, 39.7792125], [32.8070863, 39.77912], [32.8076453, 39.7791059], [32.8125927, 39.7790611], [32.8144569, 39.7790427], [32.8146531, 39.7790402], [32.8146942, 39.7793424], [32.8147251, 39.7798471], [32.8147686, 39.7809157], [32.8148127, 39.7817037], [32.8148257, 39.7822314], [32.8139964, 39.7822831], [32.8113932, 39.7823636], [32.8095842, 39.7823807], [32.8095683, 39.7823703], [32.8094867, 39.7823668], [32.8094749, 39.7823782], [32.8064015, 39.7824625], [32.8063798, 39.7824525], [32.8063219, 39.7824542], [32.8062663, 39.7824576], [32.8062501, 39.7824709], [32.806205, 39.7824732], [32.8053858, 39.782508], [32.8052733, 39.7825085], [32.8045826, 39.7825117], [32.8044963, 39.7811671]]
        ]
      }
    },
    {
      "type": "Feature",
      "properties": {
        "id": "general-sukru-suer-kislasi",
        "name": "General Şükrü Süer Kışlası",
        "source": "OSM way/1543071673"
      },
      "geometry": {
        "type": "Polygon",
        "coordinates": [
          [[32.6730186, 39.9419491], [32.6734808, 39.9394945], [32.6739863, 39.9390189], [32.6742848, 39.938987], [32.6771752, 39.9392063], [32.6775455, 39.9401186], [32.6770862, 39.9414108], [32.6773501, 39.9418644], [32.677673, 39.9424194], [32.6783192, 39.9433395], [32.6788467, 39.9438154], [32.6780509, 39.9440553], [32.6765103, 39.9446896], [32.6750689, 39.9432856], [32.6730727, 39.9426028], [32.6730186, 39.9419491]]
        ]
      }
    },
    {
      "type": "Feature",
      "properties": {
        "id": "girne-koleji-yenimahalle-kampusu",
        "name": "Girne Koleji Yenimahalle Kampusü",
        "source": "OSM way/1111849346"
      },
      "geometry": {
        "type": "Polygon",
        "coordinates": [
          [[32.820017, 39.9608462], [32.8200871, 39.9608211], [32.8201314, 39.9607728], [32.8204116, 39.9599477], [32.8209717, 39.9599222], [32.8209372, 39.960122], [32.8202087, 39.9609894], [32.820017, 39.9608462]]
        ]
      }
    },
    {
      "type": "Feature",
      "properties": {
        "id": "golbasi-jandarma",
        "name": "Gölbaşı Jandarma",
        "source": "OSM way/1030992058"
      },
      "geometry": {
        "type": "Polygon",
        "coordinates": [
          [[32.8028047, 39.7935775], [32.8029713, 39.7929292], [32.8035714, 39.7929466], [32.8036215, 39.7932399], [32.8036377, 39.7935974], [32.8028047, 39.7935775]]
        ]
      }
    },
    {
      "type": "Feature",
      "properties": {
        "id": "guvercinlik-ussu",
        "name": "Güvercinlik Üssü",
        "source": "OSM way/617250503"
      },
      "geometry": {
        "type": "Polygon",
        "coordinates": [
          [[32.7117706, 39.9287359], [32.7118355, 39.9286848], [32.7120295, 39.9285459], [32.7122881, 39.9284036], [32.7125063, 39.9282999], [32.7127594, 39.9282241], [32.7129648, 39.928156], [32.7138593, 39.9279901], [32.7144639, 39.9278845], [32.7151286, 39.9277899], [32.7157838, 39.9277036], [32.7160458, 39.927659], [32.716605, 39.9275248], [32.7171081, 39.9273667], [32.7180316, 39.9269721], [32.7189385, 39.9265442], [32.7192194, 39.9264758], [32.7196542, 39.9263974], [32.7212695, 39.9261829], [32.722393, 39.9260302], [32.723508, 39.9258795], [32.7237239, 39.9258503], [32.7241796, 39.9257999], [32.7246823, 39.9257934], [32.7252565, 39.9258428], [32.7256538, 39.9258903], [32.7263423, 39.926012], [32.7265432, 39.926055], [32.7266973, 39.9261016], [32.7270125, 39.9262233], [32.7274986, 39.9264925], [32.7278023, 39.9267359], [32.7281006, 39.9270542], [32.7285886, 39.9276182], [32.7291268, 39.9282268], [32.7292957, 39.9284178], [32.7295434, 39.928699], [32.7299948, 39.9291798], [32.7302507, 39.9293787], [32.7304041, 39.9294892], [32.7305322, 39.9295671], [32.7317622, 39.9302], [32.7333241, 39.9309938], [32.7349432, 39.9318453], [32.7363632, 39.9325788], [32.7366056, 39.9326928], [32.7367657, 39.9327557], [32.7369613, 39.9328326], [32.7371418, 39.9328964], [32.737294, 39.9329452], [32.7382973, 39.9332071], [32.739798, 39.9335585], [32.7409942, 39.9338421], [32.7416437, 39.9340022], [32.7419463, 39.934066], [32.7425939, 39.9341705], [32.7429616, 39.9342076], [32.7433754, 39.934216], [32.7437884, 39.9342139], [32.7441484, 39.9341963], [32.7449616, 39.9340959], [32.7456171, 39.9340009], [32.7476833, 39.9337471], [32.7486213, 39.9336213], [32.7496776, 39.9334853], [32.7497661, 39.9334798], [32.7499324, 39.9334731], [32.7501466, 39.9334758], [32.7503058, 39.933488], [32.7505377, 39.9335178], [32.7511871, 39.9336277], [32.7514755, 39.9336725], [32.7519533, 39.9336983], [32.7520843, 39.9336969], [32.7522471, 39.9336888], [32.7526116, 39.933644], [32.7533053, 39.933526], [32.7534155, 39.9335132], [32.7539646, 39.9334903], [32.7541356, 39.9339112], [32.7541313, 39.9340419], [32.7542333, 39.9340959], [32.7542994, 39.9340931], [32.7543439, 39.9341469], [32.7547306, 39.9345657], [32.7549133, 39.9347531], [32.7555446, 39.935411], [32.7563336, 39.9361894], [32.7572379, 39.9370662], [32.7564511, 39.9378305], [32.7567484, 39.9379885], [32.7567741, 39.9379945], [32.7567976, 39.9379978], [32.7575649, 39.9379476], [32.7568852, 39.9389863], [32.7564327, 39.9397264], [32.7563758, 39.9403627], [32.7563531, 39.9406379], [32.756317, 39.941077], [32.7562821, 39.9411854], [32.7562696, 39.9412225], [32.7562552, 39.9412951], [32.7564565, 39.9417902], [32.7566283, 39.9421577], [32.7567879, 39.9425034], [32.7569446, 39.9428357], [32.7570606, 39.9431586], [32.7570464, 39.9432914], [32.757073, 39.9434305], [32.7570962, 39.94355], [32.7568179, 39.9437877], [32.7564936, 39.944039], [32.7564144, 39.944448], [32.7561659, 39.9445819], [32.7558106, 39.9446713], [32.7557523, 39.9447529], [32.7574889, 39.9447484], [32.7319724, 39.9449496], [32.7320301, 39.944364], [32.7305428, 39.9443459], [32.73054, 39.9449678], [32.7183572, 39.945057], [32.7186593, 39.9434271], [32.7187192, 39.9431884], [32.7193181, 39.9420772], [32.719354, 39.9417925], [32.7193173, 39.9415535], [32.7194733, 39.9414204], [32.720896, 39.9412965], [32.7208005, 39.9398183], [32.7191656, 39.9392757], [32.7187806, 39.9388117], [32.7192466, 39.9380339], [32.7202308, 39.9371627], [32.7208992, 39.9355935], [32.7208752, 39.9352905], [32.7207674, 39.9347761], [32.7208348, 39.9345979], [32.7211222, 39.9343553], [32.7212801, 39.9342696], [32.7213789, 39.9342704], [32.7214812, 39.9342978], [32.7219571, 39.9344926], [32.7226664, 39.9348932], [32.7232323, 39.9350637], [32.7237834, 39.9351707], [32.7240579, 39.9351787], [32.7242798, 39.9351058], [32.7252172, 39.9336968], [32.7243569, 39.9332385], [32.7243804, 39.9329713], [32.7242501, 39.9326741], [32.7239392, 39.9321781], [32.7201913, 39.9303355], [32.7203186, 39.9299971], [32.7196334, 39.9298157], [32.7195006, 39.9297534], [32.7192665, 39.9295407], [32.7188137, 39.929354], [32.7185091, 39.9292921], [32.712305, 39.92926], [32.7122549, 39.9292528], [32.7121865, 39.9292343], [32.7120628, 39.929227], [32.7118971, 39.928916], [32.7117706, 39.9287359]]
        ]
      }
    },
    {
      "type": "Feature",
      "properties": {
        "id": "hacettepe-universitesi-beytepe-kampusu",
        "name": "Hacettepe Üniversitesi Beytepe Kampüsü",
        "source": "OSM way/385113723"
      },
      "geometry": {
        "type": "Polygon",
        "coordinates": [
          [[32.7274579, 39.8737859], [32.728799, 39.872312], [32.7286237, 39.8709209], [32.728542, 39.8702731], [32.728464, 39.8694009], [32.7285093, 39.8688865], [32.7297165, 39.8660098], [32.729521, 39.8650354], [32.729512, 39.8645619], [32.729769, 39.864521], [32.7298139, 39.8632477], [32.7309555, 39.8628257], [32.7322858, 39.8612115], [32.733173, 39.8607542], [32.7340977, 39.8605943], [32.7342619, 39.8606905], [32.734757, 39.8611225], [32.7348292, 39.8611855], [32.7349329, 39.8612217], [32.7352853, 39.8610971], [32.7359888, 39.8608211], [32.7364449, 39.8614459], [32.7364864, 39.8615027], [32.7365026, 39.8615249], [32.7369758, 39.8613651], [32.7381698, 39.8609618], [32.7382475, 39.8612254], [32.7390457, 39.8611588], [32.7398099, 39.8613514], [32.7399831, 39.8613364], [32.7406853, 39.8614246], [32.740826, 39.8624715], [32.7408924, 39.863049], [32.7409039, 39.8631493], [32.7409271, 39.8632048], [32.7409102, 39.8635015], [32.7412263, 39.86473], [32.7412243, 39.8647736], [32.7412225, 39.8649252], [32.7413634, 39.8656269], [32.741898, 39.8689529], [32.7419722, 39.8693036], [32.7420679, 39.8696543], [32.7421416, 39.8699281], [32.7423622, 39.8705029], [32.7427003, 39.8713725], [32.7429814, 39.8722828], [32.7430979, 39.8726892], [32.7432299, 39.8739303], [32.7391308, 39.8744693], [32.7359229, 39.8753915], [32.7345717, 39.8757346], [32.7342339, 39.8758287], [32.7332192, 39.8760914], [32.7286595, 39.876256], [32.7276939, 39.8747328], [32.7274579, 39.8737859]]
        ]
      }
    },
    {
      "type": "Feature",
      "properties": {
        "id": "hacettepe-universitesi-sosyal-bilimler-meslek-yukek-okulu",
        "name": "Hacettepe Üniversitesi Sosyal Bilimler Meslek Yükek Okulu",
        "source": "OSM way/423400065"
      },
      "geometry": {
        "type": "Polygon",
        "coordinates": [
          [[32.7358105, 39.8642915], [32.7358125, 39.8641835], [32.7358952, 39.8641844], [32.7358954, 39.8641714], [32.7359229, 39.8641717], [32.7359226, 39.8641848], [32.7361753, 39.8641876], [32.7361756, 39.8641752], [32.736203, 39.8641755], [32.7362028, 39.8641885], [32.7362855, 39.8641894], [32.7362849, 39.8642194], [32.7362841, 39.8642659], [32.7362837, 39.8642829], [32.7362835, 39.8642974], [32.7362482, 39.864297], [32.7362, 39.8642965], [32.7361998, 39.8643089], [32.7361724, 39.8643086], [32.7361726, 39.8642956], [32.7359208, 39.8642929], [32.7359206, 39.8643053], [32.7358932, 39.864305], [32.7358934, 39.8642924], [32.7358856, 39.8642923], [32.7358105, 39.8642915]]
        ]
      }
    },
    {
      "type": "Feature",
      "properties": {
        "id": "haci-bayram-veli-universitesi",
        "name": "Hacı Bayram Veli Üniversitesi",
        "source": "OSM way/281027260"
      },
      "geometry": {
        "type": "Polygon",
        "coordinates": [
          [[32.8174529, 39.9428479], [32.8176996, 39.9417457], [32.8177273, 39.9416952], [32.8181934, 39.9415925], [32.8186837, 39.9413358], [32.8201466, 39.9422292], [32.8197952, 39.9433225], [32.8174529, 39.9428479]]
        ]
      }
    },
    {
      "type": "Feature",
      "properties": {
        "id": "harita-genel-mudurlugu",
        "name": "Harita Genel Müdürlüğü",
        "source": "OSM way/292102521"
      },
      "geometry": {
        "type": "Polygon",
        "coordinates": [
          [[32.8808678, 39.9322365], [32.8810448, 39.9319938], [32.88149, 39.9321666], [32.8815815, 39.9321522], [32.8819031, 39.9316648], [32.8819245, 39.9316312], [32.8821695, 39.9312454], [32.8823402, 39.9309767], [32.882822, 39.9301443], [32.8830824, 39.9299238], [32.8837244, 39.9294748], [32.8840435, 39.9299412], [32.8840994, 39.9299957], [32.8843214, 39.9302123], [32.8846323, 39.9305156], [32.8848362, 39.9307144], [32.8848911, 39.930768], [32.8849395, 39.930836], [32.8850407, 39.930978], [32.8851334, 39.9311081], [32.8851432, 39.9311218], [32.8851703, 39.9312678], [32.8851074, 39.9315251], [32.8851059, 39.9315311], [32.8849018, 39.9317635], [32.8845692, 39.9319404], [32.8841232, 39.9312498], [32.8832544, 39.9316235], [32.8836093, 39.9322674], [32.8830394, 39.9324553], [32.8829545, 39.9324833], [32.882118, 39.9327199], [32.8819252, 39.9327493], [32.8819085, 39.9327918], [32.8811789, 39.9330222], [32.8808678, 39.9322365]]
        ]
      }
    },
    {
      "type": "Feature",
      "properties": {
        "id": "harita-genel-mudurlugu-417919815",
        "name": "Harita Genel Müdürlüğü",
        "source": "OSM way/417919815"
      },
      "geometry": {
        "type": "Polygon",
        "coordinates": [
          [[32.8819503, 39.9321629], [32.8820389, 39.9321504], [32.8820404, 39.9321566], [32.8822218, 39.932131], [32.8822204, 39.9321252], [32.8823232, 39.9321107], [32.8823471, 39.9322102], [32.8820994, 39.9322452], [32.8821146, 39.9323084], [32.8821651, 39.9323013], [32.8821835, 39.932378], [32.8821332, 39.9323851], [32.8821483, 39.9324483], [32.882396, 39.9324134], [32.8824198, 39.932513], [32.8823171, 39.9325275], [32.8823157, 39.9325216], [32.8821342, 39.9325472], [32.8821357, 39.9325533], [32.8820471, 39.9325658], [32.8820096, 39.9324095], [32.8819946, 39.9324117], [32.8819729, 39.9323213], [32.8819878, 39.9323192], [32.8819503, 39.9321629]]
        ]
      }
    },
    {
      "type": "Feature",
      "properties": {
        "id": "harita-genel-mudurlugu-destek-birligi",
        "name": "Harita Genel Müdürlüğü Destek Birliği",
        "source": "OSM way/431068875"
      },
      "geometry": {
        "type": "Polygon",
        "coordinates": [
          [[32.7598513, 39.8916551], [32.7599481, 39.8916346], [32.7599178, 39.8915503], [32.7600443, 39.8915235], [32.7600748, 39.8916084], [32.7602675, 39.8915676], [32.7602371, 39.8914832], [32.7603622, 39.8914567], [32.7603925, 39.891541], [32.7605851, 39.8915002], [32.7605546, 39.8914154], [32.7606811, 39.8913886], [32.7607114, 39.891473], [32.7608082, 39.8914525], [32.7608752, 39.8916388], [32.7599183, 39.8918414], [32.7598513, 39.8916551]]
        ]
      }
    },
    {
      "type": "Feature",
      "properties": {
        "id": "hava-alt-lojmanlari",
        "name": "Hava alt Lojmanları",
        "source": "OSM way/1543099505"
      },
      "geometry": {
        "type": "Polygon",
        "coordinates": [
          [[32.6826487, 39.9448827], [32.6876137, 39.9427233], [32.6891807, 39.9420479], [32.6904989, 39.9415093], [32.6911962, 39.9412615], [32.6923014, 39.940898], [32.69401, 39.9403337], [32.6959331, 39.9427847], [32.6950573, 39.9432415], [32.6947286, 39.9433659], [32.6939703, 39.9434294], [32.6934835, 39.9433291], [32.6930169, 39.9431804], [32.6926393, 39.9430284], [32.6921241, 39.9427408], [32.6914276, 39.9424411], [32.6910702, 39.9423266], [32.6906793, 39.9422604], [32.6903542, 39.9422416], [32.6900753, 39.9422425], [32.6897781, 39.9422799], [32.6897533, 39.9422264], [32.6896686, 39.9422238], [32.6894608, 39.9422666], [32.6892816, 39.9423302], [32.6891075, 39.9424202], [32.6887867, 39.9424305], [32.6887772, 39.942477], [32.688141, 39.942728], [32.68751, 39.9429769], [32.6871695, 39.9431231], [32.6868532, 39.9433023], [32.6865229, 39.9435289], [32.6862402, 39.9437647], [32.6857792, 39.9442616], [32.6854772, 39.9446939], [32.6849484, 39.9459923], [32.6845313, 39.9470008], [32.6843217, 39.9470767], [32.6841487, 39.9470601], [32.6826487, 39.9448827]]
        ]
      }
    },
    {
      "type": "Feature",
      "properties": {
        "id": "hava-kuvvetleri-komutanligi",
        "name": "Hava Kuvvetleri Komutanlığı",
        "source": "OSM way/473658201"
      },
      "geometry": {
        "type": "Polygon",
        "coordinates": [
          [[32.8407555, 39.9154678], [32.8409421, 39.9139899], [32.8413642, 39.9137213], [32.8417531, 39.9133674], [32.8420294, 39.9130897], [32.8422896, 39.9128511], [32.8426892, 39.9125301], [32.843003, 39.9123367], [32.8434268, 39.912168], [32.8444756, 39.9119067], [32.8456483, 39.9116183], [32.8461985, 39.9126999], [32.8464709, 39.9133062], [32.84677, 39.9138923], [32.8469421, 39.9142321], [32.8470287, 39.914403], [32.8436607, 39.9149988], [32.8407555, 39.9154678]]
        ]
      }
    },
    {
      "type": "Feature",
      "properties": {
        "id": "hava-kuvvetleri-komutanligi-radari",
        "name": "Hava Kuvvetleri Komutanlığı Radarı",
        "source": "OSM way/180928924"
      },
      "geometry": {
        "type": "Polygon",
        "coordinates": [
          [[32.9831437, 39.8101824], [32.9832525, 39.809848], [32.9833855, 39.8085058], [32.9836334, 39.8080832], [32.9846551, 39.8072333], [32.9854169, 39.8057425], [32.9859005, 39.8049483], [32.9861968, 39.8043724], [32.9864189, 39.8041101], [32.9871405, 39.8032579], [32.9875812, 39.8027375], [32.9873817, 39.8024867], [32.987279, 39.802143], [32.9879742, 39.8019293], [32.9884337, 39.8022173], [32.9885969, 39.8021383], [32.9884579, 39.8014974], [32.9884534, 39.8014048], [32.9884458, 39.8012465], [32.9885546, 39.8011444], [32.9886936, 39.8011583], [32.9892136, 39.8013301], [32.9897698, 39.8017575], [32.9902595, 39.8020361], [32.9906403, 39.8021987], [32.9915235, 39.8029892], [32.9916966, 39.8032652], [32.9924732, 39.8034716], [32.9944588, 39.8043235], [32.9983055, 39.8051404], [33.0006337, 39.8076871], [33.0003226, 39.808091], [32.9961276, 39.8091871], [32.9955268, 39.8091542], [32.9917648, 39.8065459], [32.9914263, 39.8069779], [32.9909003, 39.807772], [32.989933, 39.809026], [32.9894433, 39.8094765], [32.9890685, 39.8098666], [32.9855559, 39.8122907], [32.9847277, 39.812249], [32.9845282, 39.8114177], [32.9831437, 39.8101824]]
        ]
      }
    },
    {
      "type": "Feature",
      "properties": {
        "id": "hava-lojistik-komutanligi",
        "name": "Hava Lojistik Komutanlığı",
        "source": "OSM way/230440885"
      },
      "geometry": {
        "type": "Polygon",
        "coordinates": [
          [[32.707544, 39.9189291], [32.7108604, 39.9158613], [32.711044, 39.9152254], [32.711487, 39.9152545], [32.7116706, 39.9149924], [32.7111769, 39.9146574], [32.7110756, 39.9145021], [32.7116352, 39.9137423], [32.7122466, 39.9132991], [32.7127791, 39.912955], [32.7133658, 39.9125985], [32.7144806, 39.9119777], [32.7154616, 39.9117156], [32.7182943, 39.9105062], [32.7194806, 39.9114874], [32.7199173, 39.912002], [32.7220881, 39.914036], [32.72174, 39.9145215], [32.7212844, 39.9146914], [32.7203223, 39.9151865], [32.7201008, 39.9154195], [32.7159237, 39.9172593], [32.7125756, 39.9189874], [32.7115883, 39.9187107], [32.7108604, 39.9186185], [32.7100377, 39.9186185], [32.7091579, 39.9187252], [32.7077134, 39.919202], [32.707544, 39.9189291]]
        ]
      }
    },
    {
      "type": "Feature",
      "properties": {
        "id": "hava-lojmanlari",
        "name": "Hava Lojmanları",
        "source": "OSM way/1452011926"
      },
      "geometry": {
        "type": "Polygon",
        "coordinates": [
          [[32.6782106, 39.9444175], [32.6786446, 39.9441977], [32.6799178, 39.9437645], [32.6813411, 39.9433423], [32.6826286, 39.9428926], [32.6837552, 39.9418422], [32.6842165, 39.9417136], [32.6870131, 39.9412201], [32.6877784, 39.942081], [32.6841378, 39.9438194], [32.6825428, 39.9443842], [32.6811266, 39.9446584], [32.678988, 39.9447022], [32.678411, 39.9448346], [32.6782106, 39.9444175]]
        ]
      }
    },
    {
      "type": "Feature",
      "properties": {
        "id": "jandarma-genel-komuntaligi-korg-naci-tinaz-kislasi-personel-temin-merkez-komutanligi",
        "name": "Jandarma Genel Komuntalığı Korg. Naci Tınaz Kışlası Personel Temin Merkezî Komutanlığı",
        "source": "OSM way/473655397"
      },
      "geometry": {
        "type": "Polygon",
        "coordinates": [
          [[32.8432712, 39.9189364], [32.8448912, 39.9187245], [32.8450214, 39.9187209], [32.8456578, 39.9187069], [32.8458367, 39.9191574], [32.8458469, 39.9192587], [32.8458103, 39.919357], [32.8454891, 39.9197327], [32.8454017, 39.9198527], [32.8453448, 39.9199011], [32.8447705, 39.9205059], [32.8438666, 39.9199073], [32.8434402, 39.9195967], [32.8432712, 39.9189364]]
        ]
      }
    },
    {
      "type": "Feature",
      "properties": {
        "id": "jandarma-genel-komutanligi-ek-bina",
        "name": "Jandarma Genel Komutanlığı (Ek Bina)",
        "source": "OSM way/474259450"
      },
      "geometry": {
        "type": "Polygon",
        "coordinates": [
          [[32.8065303, 39.9251938], [32.8075568, 39.9243584], [32.8084322, 39.9248653], [32.8077533, 39.9255065], [32.8083139, 39.9258808], [32.8080372, 39.9261854], [32.8074422, 39.9258212], [32.8065303, 39.9251938]]
        ]
      }
    },
    {
      "type": "Feature",
      "properties": {
        "id": "k-3",
        "name": "K-3",
        "source": "OSM way/738376112"
      },
      "geometry": {
        "type": "Polygon",
        "coordinates": [
          [[32.7467036, 39.9391927], [32.7477639, 39.9390734], [32.7478632, 39.9395454], [32.748154, 39.940928], [32.7471331, 39.9410704], [32.7467036, 39.9391927]]
        ]
      }
    },
    {
      "type": "Feature",
      "properties": {
        "id": "kara-harp-okulu",
        "name": "Kara Harp Okulu",
        "source": "OSM way/1112454125"
      },
      "geometry": {
        "type": "Polygon",
        "coordinates": [
          [[32.8216527, 39.8956407], [32.821714, 39.8955187], [32.8218275, 39.8954072], [32.8220765, 39.8953162], [32.8265905, 39.8947499], [32.8290977, 39.8949634], [32.830051, 39.8952584], [32.8319311, 39.8962552], [32.8330791, 39.8965417], [32.8397182, 39.8969795], [32.8413548, 39.8972736], [32.8416124, 39.8973446], [32.8418372, 39.8974205], [32.8420005, 39.8974975], [32.8421204, 39.8975687], [32.8422702, 39.897709], [32.842483, 39.8980148], [32.8464325, 39.9054019], [32.8467307, 39.9061432], [32.8471121, 39.9082595], [32.846448, 39.9087052], [32.8456211, 39.9092602], [32.8438988, 39.9106106], [32.844153, 39.9118923], [32.8431875, 39.9121041], [32.8425101, 39.9125366], [32.8414318, 39.913528], [32.8407891, 39.9139602], [32.8406572, 39.9140894], [32.8406275, 39.9143662], [32.8405628, 39.9154987], [32.8386248, 39.9158143], [32.8372106, 39.9159364], [32.8345212, 39.9161002], [32.8314115, 39.9160079], [32.8309707, 39.9159441], [32.8293167, 39.9157048], [32.8291523, 39.9153021], [32.8291548, 39.9143531], [32.8260183, 39.9101175], [32.8246282, 39.9088993], [32.8243309, 39.9085464], [32.8242385, 39.9084092], [32.8239522, 39.9079844], [32.8237682, 39.9075554], [32.8236124, 39.9069745], [32.8235582, 39.90613], [32.823524, 39.9049247], [32.823439, 39.904455], [32.8233045, 39.9040396], [32.8230899, 39.9036017], [32.8225669, 39.9028436], [32.822398, 39.902541], [32.8222965, 39.9022957], [32.8221985, 39.9020382], [32.8221094, 39.9016159], [32.8220554, 39.9012937], [32.8219529, 39.9008648], [32.8218764, 39.9005785], [32.8218208, 39.9002957], [32.8217571, 39.8998941], [32.8218076, 39.8997231], [32.8217706, 39.8996966], [32.8217461, 39.8996514], [32.8217344, 39.8995021], [32.8217554, 39.899462], [32.8218805, 39.8994385], [32.8218471, 39.8993219], [32.8217591, 39.8993307], [32.8217189, 39.8992944], [32.8216527, 39.8956407]]
        ]
      }
    },
    {
      "type": "Feature",
      "properties": {
        "id": "kara-kuvvetleri-komutanligi",
        "name": "Kara Kuvvetleri Komutanlığı",
        "source": "OSM way/10696183"
      },
      "geometry": {
        "type": "Polygon",
        "coordinates": [
          [[32.8313774, 39.9186775], [32.8315127, 39.9180178], [32.8314825, 39.916893], [32.8314901, 39.9162347], [32.8339544, 39.9163309], [32.8339861, 39.9163739], [32.8350208, 39.9163937], [32.8362388, 39.9163575], [32.8379409, 39.9162561], [32.8380401, 39.916291], [32.8381313, 39.9163527], [32.8381823, 39.916435], [32.8381769, 39.9165626], [32.8380448, 39.9170864], [32.8377987, 39.9177269], [32.8374801, 39.9184406], [32.8362296, 39.9203251], [32.8358756, 39.9207242], [32.8357361, 39.9208147], [32.8355886, 39.9208661], [32.8354223, 39.9208826], [32.835256, 39.9208579], [32.8350307, 39.9207695], [32.8322144, 39.9191217], [32.8313774, 39.9186775]]
        ]
      }
    },
    {
      "type": "Feature",
      "properties": {
        "id": "kara-kuvvetleri-komutanligi-kkk-lojmanlari",
        "name": "Kara Kuvvetleri Komutanlığı (KKK) Lojmanları",
        "source": "OSM way/473661309"
      },
      "geometry": {
        "type": "Polygon",
        "coordinates": [
          [[32.830392, 39.916569], [32.8304266, 39.9161787], [32.8313381, 39.9162373], [32.8313676, 39.9175766], [32.8307748, 39.9175539], [32.830392, 39.916569]]
        ]
      }
    },
    {
      "type": "Feature",
      "properties": {
        "id": "kara-kuvvetleri-lojistik-komutanligi-orgeneral-nahit-senogul-kislasi",
        "name": "Kara Kuvvetleri Lojistik Komutanlığı - Orgeneral Nahit Şenoğul Kışlası",
        "source": "OSM way/916205195"
      },
      "geometry": {
        "type": "Polygon",
        "coordinates": [
          [[32.8476713, 39.9603642], [32.8477831, 39.9601394], [32.8479336, 39.9599969], [32.8496501, 39.9586582], [32.8499934, 39.9583882], [32.8502924, 39.9582621], [32.8509313, 39.9581251], [32.8511808, 39.9581197], [32.8520992, 39.9582567], [32.8532777, 39.9584466], [32.854113, 39.9585551], [32.8547677, 39.95865], [32.8552862, 39.9586745], [32.8561233, 39.9587084], [32.8579813, 39.9589457], [32.8580999, 39.9589634], [32.85813, 39.9589851], [32.8581406, 39.9590217], [32.8581052, 39.9590461], [32.8569968, 39.9597021], [32.8570526, 39.9597322], [32.8571402, 39.9597794], [32.8568747, 39.9600764], [32.856535, 39.9605959], [32.8562607, 39.961232], [32.8560324, 39.9619767], [32.8568004, 39.962526], [32.8566606, 39.9626766], [32.8564788, 39.9629197], [32.8550825, 39.9649252], [32.8545801, 39.964681], [32.8541344, 39.9643942], [32.8535744, 39.9639882], [32.8531682, 39.9636743], [32.8526648, 39.9629769], [32.8522337, 39.9625577], [32.8513135, 39.9619854], [32.8505667, 39.9615012], [32.8498996, 39.961139], [32.8489741, 39.9608447], [32.8480911, 39.9605761], [32.8476713, 39.9603642]]
        ]
      }
    },
    {
      "type": "Feature",
      "properties": {
        "id": "kredi-yurtlar-kurumu-golbasi-erkek-yurdu",
        "name": "Kredi Yurtlar Kurumu Gölbaşı Erkek Yurdu",
        "source": "OSM way/495363931"
      },
      "geometry": {
        "type": "Polygon",
        "coordinates": [
          [[32.8151564, 39.7793815], [32.8151857, 39.7792278], [32.8152077, 39.7791123], [32.8152609, 39.778925], [32.8153385, 39.7787283], [32.8154925, 39.7785154], [32.8156082, 39.7783801], [32.8158093, 39.7781652], [32.8161805, 39.7778323], [32.8169942, 39.77705], [32.8172628, 39.7775244], [32.8175862, 39.7782727], [32.8177174, 39.7787383], [32.8173334, 39.7788403], [32.8171671, 39.7788758], [32.8166462, 39.7789999], [32.8159394, 39.779184], [32.8151564, 39.7793815]]
        ]
      }
    },
    {
      "type": "Feature",
      "properties": {
        "id": "m-s-b-lojmanlari",
        "name": "M.S.B. Lojmanları",
        "source": "OSM way/38485695"
      },
      "geometry": {
        "type": "Polygon",
        "coordinates": [
          [[32.8434071, 39.8489221], [32.8455176, 39.8453631], [32.8458542, 39.8448067], [32.84698, 39.845225], [32.8471016, 39.8452201], [32.8472194, 39.8450574], [32.847371, 39.8451538], [32.8474945, 39.845296], [32.8476654, 39.845438], [32.8480006, 39.8454836], [32.8482598, 39.8455039], [32.8483043, 39.8453609], [32.8482248, 39.8452884], [32.8482947, 39.8450997], [32.8484688, 39.8449394], [32.8485788, 39.8448784], [32.848827, 39.8449014], [32.8490435, 39.844995], [32.8490979, 39.845137], [32.8491912, 39.8452969], [32.8492833, 39.845399], [32.849329, 39.8455527], [32.8494269, 39.8456974], [32.849402, 39.8458008], [32.8493225, 39.8458506], [32.8500745, 39.8465093], [32.8505588, 39.8461926], [32.8513679, 39.8461536], [32.8517544, 39.8463934], [32.8526659, 39.84721], [32.8528851, 39.8473794], [32.8530218, 39.8475332], [32.8533716, 39.8478466], [32.8535129, 39.8478863], [32.8544159, 39.8486248], [32.8544454, 39.8486541], [32.8544718, 39.8486904], [32.8544894, 39.8487323], [32.8545001, 39.8487804], [32.8544993, 39.8488273], [32.8544875, 39.8488748], [32.8544536, 39.848928], [32.8544142, 39.848972], [32.8543879, 39.8490102], [32.8543712, 39.8490479], [32.8543377, 39.8491777], [32.8543173, 39.8492744], [32.8541948, 39.8499151], [32.8541364, 39.8502765], [32.8540017, 39.8511363], [32.8539883, 39.8512116], [32.8525166, 39.8517155], [32.8523082, 39.8517909], [32.8523757, 39.8516956], [32.8523907, 39.8516744], [32.8522725, 39.8516251], [32.85219, 39.8517417], [32.8521651, 39.85173], [32.8521285, 39.8516421], [32.8518523, 39.8516844], [32.8518895, 39.851822], [32.8518894, 39.8518499], [32.8518839, 39.8518822], [32.8518702, 39.8519086], [32.8518448, 39.8519357], [32.85181, 39.8519607], [32.8517058, 39.8519984], [32.8508411, 39.8522988], [32.8499962, 39.8525832], [32.8493716, 39.8528092], [32.8492847, 39.8526809], [32.8491175, 39.8524427], [32.8490823, 39.8522666], [32.8487725, 39.8519763], [32.848538, 39.8517817], [32.8483096, 39.8515826], [32.8480393, 39.8513481], [32.8477482, 39.851108], [32.8475312, 39.8509179], [32.8472633, 39.8506837], [32.8471258, 39.8505595], [32.8464813, 39.8502815], [32.8458032, 39.8499877], [32.8456132, 39.8499036], [32.8455684, 39.8499262], [32.8448954, 39.8496445], [32.8434071, 39.8489221]]
        ]
      }
    },
    {
      "type": "Feature",
      "properties": {
        "id": "matematik-bolumu",
        "name": "Matematik Bölümü",
        "source": "OSM way/56753995"
      },
      "geometry": {
        "type": "Polygon",
        "coordinates": [
          [[32.7819889, 39.8954902], [32.7820077, 39.8953871], [32.7820383, 39.8953904], [32.7820508, 39.8953217], [32.7821386, 39.8953311], [32.7821367, 39.8953414], [32.7824403, 39.895374], [32.7823999, 39.8955961], [32.7825105, 39.8956079], [32.7825035, 39.8956463], [32.7824996, 39.8956681], [32.7824924, 39.8957073], [32.7825223, 39.8957105], [32.7824684, 39.8960064], [32.7824411, 39.8960034], [32.7824292, 39.8960691], [32.7822712, 39.8960522], [32.7822902, 39.8959481], [32.7823435, 39.8959538], [32.7823849, 39.8957267], [32.7822987, 39.8957175], [32.7822786, 39.8958283], [32.7820973, 39.8958088], [32.7821287, 39.8956367], [32.7823083, 39.895656], [32.7823462, 39.895448], [32.7823321, 39.8954465], [32.7823301, 39.8954577], [32.7821577, 39.8954392], [32.7821454, 39.895507], [32.7819889, 39.8954902]]
        ]
      }
    },
    {
      "type": "Feature",
      "properties": {
        "id": "mebs-okulu-ve-egitim-merkezi-komutanligi",
        "name": "MEBS Okulu ve Eğitim Merkezi Komutanlığı",
        "source": "OSM way/385118917"
      },
      "geometry": {
        "type": "Polygon",
        "coordinates": [
          [[32.9029495, 39.9460356], [32.9040727, 39.9457451], [32.9048043, 39.9455508], [32.906118, 39.9452049], [32.9063889, 39.9451165], [32.9066046, 39.9450172], [32.9079012, 39.9443199], [32.9084137, 39.9442827], [32.9086224, 39.9442116], [32.9086583, 39.9438061], [32.9086918, 39.9431569], [32.9087841, 39.9427722], [32.9090382, 39.9421953], [32.9092482, 39.9417276], [32.9094978, 39.9410855], [32.9098238, 39.9400537], [32.9097683, 39.9398647], [32.9100826, 39.9398931], [32.9109699, 39.9401813], [32.9119866, 39.9405734], [32.9129664, 39.9408616], [32.9136874, 39.9410223], [32.9137059, 39.9412396], [32.913823, 39.9412679], [32.914014, 39.9412538], [32.9141422, 39.9410848], [32.9143138, 39.9409575], [32.9149023, 39.9405266], [32.9151175, 39.9404832], [32.9151478, 39.9403892], [32.9155931, 39.9403849], [32.9161552, 39.9403511], [32.9164735, 39.9404765], [32.9183639, 39.9411865], [32.9182227, 39.9413577], [32.9181426, 39.9418443], [32.9181303, 39.9421089], [32.9181919, 39.9422837], [32.9192333, 39.9425246], [32.9194921, 39.9427231], [32.9199666, 39.94329], [32.9205027, 39.9434979], [32.9208416, 39.9441687], [32.921008, 39.9448207], [32.9229182, 39.9458317], [32.9223205, 39.9464269], [32.9219323, 39.9467056], [32.9210203, 39.9474709], [32.9199727, 39.9481323], [32.9189005, 39.9486708], [32.915955, 39.9497573], [32.9146487, 39.9501305], [32.9102982, 39.951576], [32.9094602, 39.9518311], [32.9064038, 39.9529365], [32.9062066, 39.9529554], [32.9061758, 39.9523555], [32.9061943, 39.9517839], [32.9061989, 39.9513204], [32.9062035, 39.9508993], [32.9061142, 39.9506383], [32.9057876, 39.9496581], [32.9050173, 39.9475607], [32.9051036, 39.9473339], [32.9046141, 39.9467302], [32.904292, 39.9468388], [32.904161, 39.9468578], [32.903616, 39.9471671], [32.9029495, 39.9460356]]
        ]
      }
    },
    {
      "type": "Feature",
      "properties": {
        "id": "mill-savunma-bakanligi-ilac-fabrikasi-mudurlugu",
        "name": "Millî Savunma Bakanlığı İlaç Fabrikası Müdürlüğü",
        "source": "OSM way/425528582"
      },
      "geometry": {
        "type": "Polygon",
        "coordinates": [
          [[32.8567469, 39.9530655], [32.8567769, 39.9529661], [32.8575941, 39.9523254], [32.8577471, 39.952229], [32.8579199, 39.9521733], [32.8582492, 39.9521821], [32.8584833, 39.9522624], [32.8585973, 39.9523647], [32.8587002, 39.9525844], [32.8587791, 39.9527867], [32.8589825, 39.9531457], [32.8594822, 39.9536359], [32.8602289, 39.9543271], [32.8589332, 39.9551297], [32.8587807, 39.9550762], [32.8572043, 39.9536227], [32.8567651, 39.95319], [32.8567469, 39.9530655]]
        ]
      }
    },
    {
      "type": "Feature",
      "properties": {
        "id": "mill-savunma-bakanligi-misafirhane-hizmetleri-sube-mudurlugu",
        "name": "Millî Savunma Bakanlığı Misafirhane Hizmetleri Şube Müdürlüğü",
        "source": "OSM way/1025497948"
      },
      "geometry": {
        "type": "Polygon",
        "coordinates": [
          [[32.840849, 39.9697483], [32.8415388, 39.9696066], [32.8416184, 39.9695984], [32.8416715, 39.9696079], [32.8417706, 39.9696554], [32.8423847, 39.9700921], [32.8423847, 39.970107], [32.8421129, 39.9706029], [32.8410148, 39.9703345], [32.840849, 39.9697483]]
        ]
      }
    },
    {
      "type": "Feature",
      "properties": {
        "id": "mill-savunma-bakanligi-ve-genelkurmay-baskanligi",
        "name": "Millî Savunma Bakanlığı ve Genelkurmay Başkanlığı",
        "source": "OSM way/9780251"
      },
      "geometry": {
        "type": "Polygon",
        "coordinates": [
          [[32.8450919, 39.915266], [32.8451206, 39.915164], [32.8451754, 39.9150779], [32.8452886, 39.914987], [32.84617, 39.914835], [32.8467223, 39.9148026], [32.8468792, 39.9147851], [32.8486705, 39.9144835], [32.8489382, 39.9144478], [32.8491238, 39.9145082], [32.8492552, 39.9145586], [32.8493571, 39.9146265], [32.8494986, 39.9147303], [32.8495339, 39.9147763], [32.8496509, 39.9149344], [32.8497209, 39.9150288], [32.8497867, 39.9151068], [32.8501511, 39.915802], [32.8504244, 39.9163233], [32.8507131, 39.9168263], [32.850676, 39.9169017], [32.8505981, 39.9169752], [32.8503649, 39.9171164], [32.8494233, 39.9174227], [32.8487411, 39.9176415], [32.8484858, 39.9177303], [32.8468802, 39.9182614], [32.8462741, 39.9184192], [32.8459268, 39.9185097], [32.845914, 39.9184373], [32.845873, 39.9182813], [32.8458589, 39.9182273], [32.8457985, 39.9179977], [32.8457435, 39.9177881], [32.8455765, 39.9171523], [32.8454833, 39.9167974], [32.8453841, 39.9164465], [32.8452606, 39.9160095], [32.8450998, 39.9153861], [32.8450919, 39.915266]]
        ]
      }
    },
    {
      "type": "Feature",
      "properties": {
        "id": "misb-yerleskesi",
        "name": "MİSB Yerleşkesi",
        "source": "OSM way/1498056196"
      },
      "geometry": {
        "type": "Polygon",
        "coordinates": [
          [[32.847673, 40.0217214], [32.847893, 40.021516], [32.8482658, 40.0214667], [32.8484509, 40.0214708], [32.8486225, 40.0215262], [32.8487311, 40.0215283], [32.8487324, 40.0213857], [32.8487802, 40.021355], [32.8497476, 40.0214388], [32.8504518, 40.0214954], [32.8506825, 40.0216721], [32.8509185, 40.0222636], [32.8511492, 40.0234776], [32.8477615, 40.0235987], [32.847673, 40.0217214]]
        ]
      }
    },
    {
      "type": "Feature",
      "properties": {
        "id": "mit-lojmanlari",
        "name": "MİT Lojmanları",
        "source": "OSM way/13293995"
      },
      "geometry": {
        "type": "Polygon",
        "coordinates": [
          [[32.7954457, 39.9572893], [32.7999073, 39.9563913], [32.8011135, 39.9600983], [32.7989783, 39.9605078], [32.796745, 39.9609877], [32.7954457, 39.9572893]]
        ]
      }
    },
    {
      "type": "Feature",
      "properties": {
        "id": "mit-yerleskesi",
        "name": "MİT Yerleşkesi",
        "source": "OSM way/838542925"
      },
      "geometry": {
        "type": "Polygon",
        "coordinates": [
          [[32.6543823, 39.9118961], [32.6543836, 39.9117137], [32.6543914, 39.9115313], [32.6544083, 39.9113212], [32.6544338, 39.9111116], [32.6544678, 39.9109028], [32.6545563, 39.9104615], [32.6546182, 39.9101771], [32.654692, 39.9098945], [32.6547776, 39.9096138], [32.6548497, 39.9094044], [32.6549318, 39.9091972], [32.6550269, 39.9089863], [32.6551325, 39.9087784], [32.6552483, 39.9085738], [32.6560517, 39.906971], [32.6561098, 39.9067243], [32.6561563, 39.9064762], [32.6561865, 39.906265], [32.6562099, 39.9060534], [32.6562245, 39.9058714], [32.6562341, 39.9056892], [32.6562166, 39.9052931], [32.6561777, 39.9045462], [32.656171, 39.9040637], [32.6561617, 39.9038568], [32.6561442, 39.9036502], [32.656114, 39.9034146], [32.6560731, 39.90318], [32.6559685, 39.9026707], [32.6558666, 39.9021255], [32.6557459, 39.9015586], [32.6555796, 39.9008497], [32.6555446, 39.9006747], [32.6555205, 39.9004987], [32.6555072, 39.9003219], [32.6555044, 39.900179], [32.655512, 39.9000362], [32.65553, 39.8998939], [32.655552, 39.8997798], [32.6555843, 39.8996672], [32.6556265, 39.8995565], [32.6556603, 39.8994838], [32.6556983, 39.8994125], [32.6557794, 39.8992715], [32.6558561, 39.8991535], [32.6559393, 39.8990382], [32.6560289, 39.8989258], [32.6561253, 39.8988247], [32.6562273, 39.8987269], [32.6563346, 39.8986326], [32.6564469, 39.898542], [32.6565641, 39.8984552], [32.656686, 39.8983722], [32.6567816, 39.8983104], [32.6568819, 39.8982531], [32.6569864, 39.8982004], [32.657104, 39.898149], [32.6572256, 39.8981035], [32.6574679, 39.8980111], [32.6576144, 39.897958], [32.6577656, 39.8979134], [32.6578876, 39.8978842], [32.6580115, 39.8978605], [32.6581371, 39.8978424], [32.6591107, 39.897688], [32.6618345, 39.8972518], [32.662411, 39.8971704], [32.6625265, 39.8971306], [32.6626501, 39.8970807], [32.6627424, 39.8970241], [32.6628243, 39.8969746], [32.6628997, 39.8969194], [32.6629705, 39.8968618], [32.663039, 39.8967946], [32.6631076, 39.8967223], [32.6632074, 39.8966001], [32.6632512, 39.8965249], [32.6632788, 39.8964466], [32.663911, 39.8964654], [32.6644721, 39.8965091], [32.6648258, 39.8965559], [32.6655573, 39.8967035], [32.6663499, 39.8968085], [32.6669067, 39.8968777], [32.6669727, 39.8969022], [32.6670646, 39.8969397], [32.6671281, 39.8969802], [32.6671895, 39.8970198], [32.6672346, 39.8970595], [32.6672799, 39.8971086], [32.6673213, 39.897165], [32.6673664, 39.8972155], [32.6674192, 39.897272], [32.6674858, 39.8973247], [32.6675611, 39.8973707], [32.6676335, 39.8974075], [32.6677073, 39.8974377], [32.6677766, 39.8974538], [32.6678531, 39.8974724], [32.6679247, 39.8974847], [32.6679923, 39.8974846], [32.6680516, 39.897485], [32.6692879, 39.8974844], [32.6699447, 39.8974841], [32.6704659, 39.8974846], [32.670628, 39.8974998], [32.6707917, 39.8975291], [32.6709539, 39.8975726], [32.6711271, 39.8976274], [32.6713052, 39.8977095], [32.6714478, 39.8977917], [32.6717129, 39.8979458], [32.6719875, 39.8980885], [32.6722425, 39.8981948], [32.673254, 39.8984895], [32.6738911, 39.8985965], [32.6740783, 39.8986326], [32.6742776, 39.8986725], [32.6744466, 39.8987165], [32.674588, 39.8987646], [32.6747486, 39.8988217], [32.674889, 39.8988983], [32.6750318, 39.8989824], [32.6751841, 39.8990711], [32.6753311, 39.8991657], [32.6754642, 39.899255], [32.6756411, 39.8994183], [32.6758102, 39.8995864], [32.6759712, 39.8997591], [32.676124, 39.8999361], [32.6774114, 39.9012962], [32.6778191, 39.9019135], [32.6781053, 39.9024054], [32.678538, 39.9029425], [32.6787296, 39.9032436], [32.6788469, 39.9034985], [32.6789452, 39.9039258], [32.6789161, 39.9043368], [32.6788897, 39.9046746], [32.6788527, 39.9049988], [32.6789373, 39.9054653], [32.6793466, 39.9068826], [32.6793626, 39.9073207], [32.6791632, 39.9079494], [32.6774368, 39.9099682], [32.6759936, 39.9097702], [32.6757647, 39.910799], [32.6762077, 39.9108405], [32.6765741, 39.9109858], [32.6678055, 39.9211751], [32.666389, 39.922773], [32.6654924, 39.9236822], [32.6652728, 39.923841], [32.6649622, 39.9240081], [32.6644618, 39.9241598], [32.6639738, 39.9241948], [32.6629804, 39.9241818], [32.662463, 39.9240637], [32.6621331, 39.9239492], [32.6617265, 39.9237157], [32.6614196, 39.9234682], [32.6567866, 39.9182517], [32.6554522, 39.9157889], [32.6551799, 39.915255], [32.6548728, 39.914609], [32.6547886, 39.9143938], [32.6547129, 39.9141767], [32.6546457, 39.913958], [32.6545872, 39.9137378], [32.6545429, 39.9135431], [32.6545053, 39.9133476], [32.6544745, 39.9131514], [32.6544346, 39.9127944], [32.6544056, 39.9124367], [32.6543874, 39.9120786], [32.6543823, 39.9118961]]
        ]
      }
    },
    {
      "type": "Feature",
      "properties": {
        "id": "msb-ankara-tedarik-bolge-baskanligi",
        "name": "MSB Ankara Tedarik Bölge Başkanlığı",
        "source": "OSM way/915574712"
      },
      "geometry": {
        "type": "Polygon",
        "coordinates": [
          [[32.8446309, 39.9628021], [32.844657, 39.9627171], [32.8446925, 39.9626522], [32.8447325, 39.962612], [32.8449256, 39.9624419], [32.8456203, 39.9618786], [32.8459734, 39.9616505], [32.8460307, 39.9616175], [32.8461742, 39.9615517], [32.8463016, 39.9615168], [32.8464263, 39.9615147], [32.8469009, 39.9616552], [32.8470406, 39.9617008], [32.8468702, 39.9620266], [32.8468032, 39.9621685], [32.84765, 39.9624504], [32.8482428, 39.962685], [32.8490223, 39.9630424], [32.8492223, 39.9627942], [32.8490834, 39.9626871], [32.8493265, 39.9622299], [32.8498378, 39.9624379], [32.8503138, 39.962654], [32.8508045, 39.962873], [32.8511958, 39.9630501], [32.8513073, 39.9631035], [32.8513437, 39.9631127], [32.8515528, 39.9631157], [32.8517053, 39.9631092], [32.8517811, 39.9631067], [32.8518888, 39.9631231], [32.8520422, 39.96316], [32.8521755, 39.9632107], [32.8523943, 39.963353], [32.8525969, 39.9635313], [32.8528869, 39.9638678], [32.8530424, 39.9640263], [32.8534534, 39.9643394], [32.8537615, 39.9645827], [32.8539233, 39.9649027], [32.853894, 39.9649818], [32.8525492, 39.9647657], [32.851269, 39.9645673], [32.8508854, 39.9645024], [32.8507196, 39.9644751], [32.8502646, 39.9643572], [32.8496391, 39.9642544], [32.8487656, 39.9641399], [32.8480154, 39.9640844], [32.8470972, 39.9640431], [32.8467414, 39.9640242], [32.8457955, 39.9638967], [32.8453164, 39.9638069], [32.8451423, 39.9637467], [32.8450283, 39.9636877], [32.8449328, 39.9636027], [32.8448727, 39.9635011], [32.8448434, 39.9634173], [32.8448272, 39.9633423], [32.8448126, 39.963262], [32.8448003, 39.9632083], [32.8447777, 39.9631499], [32.8447321, 39.9630855], [32.8447058, 39.9630521], [32.8446678, 39.9630123], [32.8446386, 39.9629178], [32.8446309, 39.9628021]]
        ]
      }
    },
    {
      "type": "Feature",
      "properties": {
        "id": "msb-ant-baskanligi",
        "name": "MSB ANT Başkanlığı",
        "source": "OSM way/741534066"
      },
      "geometry": {
        "type": "Polygon",
        "coordinates": [
          [[32.8504595, 39.8998662], [32.8505051, 39.8996419], [32.850536, 39.8994896], [32.8505547, 39.899327], [32.8505577, 39.8992855], [32.8510523, 39.899289], [32.8510488, 39.899577], [32.8511149, 39.8996667], [32.8514736, 39.8996903], [32.851471, 39.8999717], [32.8510979, 39.8999454], [32.850886, 39.8999279], [32.8507143, 39.8999052], [32.8504595, 39.8998662]]
        ]
      }
    },
    {
      "type": "Feature",
      "properties": {
        "id": "msb-arsiv-mudurlugu",
        "name": "MSB Arşiv Müdürlüğü",
        "source": "OSM way/884100514"
      },
      "geometry": {
        "type": "Polygon",
        "coordinates": [
          [[32.7547772, 39.8871337], [32.7566952, 39.8857864], [32.7595735, 39.8854572], [32.7597717, 39.8855454], [32.760148, 39.8857113], [32.7612437, 39.8861863], [32.7627984, 39.8869815], [32.7637503, 39.887589], [32.7645397, 39.8878642], [32.7653159, 39.8881054], [32.7657035, 39.8888866], [32.7663321, 39.8906384], [32.7663729, 39.8913883], [32.766142, 39.8919694], [32.7660176, 39.8924319], [32.7658723, 39.8929284], [32.7658778, 39.8930958], [32.765924, 39.8933031], [32.7660796, 39.8934194], [32.7662946, 39.8934954], [32.766234, 39.8946107], [32.7651185, 39.8948715], [32.7647145, 39.8945915], [32.7644727, 39.8940745], [32.7637897, 39.8940634], [32.7627826, 39.894826], [32.7623179, 39.8943186], [32.7622515, 39.8942614], [32.7621803, 39.8942], [32.7614856, 39.893601], [32.758824, 39.891442], [32.7584891, 39.8914697], [32.7581991, 39.8912748], [32.757955, 39.8911701], [32.7576118, 39.8907285], [32.7576156, 39.8905134], [32.7565436, 39.8892757], [32.7547772, 39.8871337]]
        ]
      }
    },
    {
      "type": "Feature",
      "properties": {
        "id": "msb-lojmanlari",
        "name": "MSB Lojmanları",
        "source": "OSM way/504874932"
      },
      "geometry": {
        "type": "Polygon",
        "coordinates": [
          [[32.867508, 39.8870684], [32.8678323, 39.8870616], [32.8686171, 39.8874184], [32.8687816, 39.8875731], [32.8688639, 39.8875338], [32.8692818, 39.8873339], [32.8697549, 39.8869709], [32.8699543, 39.8868179], [32.8701098, 39.8868091], [32.8706702, 39.8863343], [32.8710189, 39.8865382], [32.8726993, 39.8873245], [32.8724958, 39.8875741], [32.8722937, 39.8874702], [32.8720737, 39.887743], [32.8715664, 39.8875108], [32.870947, 39.8881969], [32.8706723, 39.8880763], [32.870545, 39.8882644], [32.8706902, 39.8883219], [32.8706133, 39.8884224], [32.8708566, 39.88854], [32.8707345, 39.8890122], [32.8700469, 39.8890355], [32.8698951, 39.8890484], [32.8697842, 39.8890795], [32.868896, 39.8894394], [32.8687709, 39.8895018], [32.8687283, 39.8896212], [32.868616, 39.8897703], [32.8684328, 39.8896911], [32.868075, 39.8896049], [32.8677309, 39.8895373], [32.8675616, 39.8895262], [32.8676046, 39.8892227], [32.8676544, 39.8889093], [32.8676714, 39.8887474], [32.8676875, 39.8884751], [32.8676953, 39.888285], [32.8676897, 39.8880921], [32.8676134, 39.887562], [32.867571, 39.8873905], [32.867508, 39.8870684]]
        ]
      }
    },
    {
      "type": "Feature",
      "properties": {
        "id": "msb-personel-temin-dairesi-baskanligi",
        "name": "MSB Personel Temin Dairesi Başkanlığı",
        "source": "OSM way/1240458520"
      },
      "geometry": {
        "type": "Polygon",
        "coordinates": [
          [[32.8832544, 39.9316235], [32.8841232, 39.9312498], [32.8845692, 39.9319404], [32.8836093, 39.9322674], [32.8832544, 39.9316235]]
        ]
      }
    },
    {
      "type": "Feature",
      "properties": {
        "id": "nato-ant-pol",
        "name": "NATO Ant. Pol.",
        "source": "OSM way/1445762680"
      },
      "geometry": {
        "type": "Polygon",
        "coordinates": [
          [[32.5681861, 39.9623944], [32.5682049, 39.9622706], [32.5683042, 39.9621564], [32.5684582, 39.96213], [32.568941, 39.9619573], [32.5693273, 39.9620026], [32.5704806, 39.9614352], [32.5706362, 39.9613036], [32.5709419, 39.9611473], [32.5714892, 39.9617199], [32.5715666, 39.9643412], [32.571047, 39.9649547], [32.5690115, 39.9638956], [32.5685642, 39.9633279], [32.5682966, 39.9630805], [32.5681866, 39.9629194], [32.5681861, 39.9623944]]
        ]
      }
    },
    {
      "type": "Feature",
      "properties": {
        "id": "orta-dogu-teknik-universitesi",
        "name": "Orta Doğu Teknik Üniversitesi",
        "source": "OSM relation/6899696"
      },
      "geometry": {
        "type": "Polygon",
        "coordinates": [
          [[32.7649024, 39.9059397], [32.7649742, 39.9056676], [32.7652917, 39.9048468], [32.7654049, 39.9039817], [32.7655548, 39.9033792], [32.7658109, 39.9022845], [32.7662029, 39.9014351], [32.766281, 39.9012461], [32.7668108, 39.8999641], [32.7669055, 39.8992656], [32.7668478, 39.8989291], [32.7668467, 39.8962002], [32.7668359, 39.8942494], [32.7668568, 39.8934374], [32.7669158, 39.8934078], [32.766987, 39.8933582], [32.767087, 39.8932392], [32.7671405, 39.893106], [32.7671292, 39.8927765], [32.7670999, 39.8923723], [32.7670964, 39.8916875], [32.767056, 39.8910237], [32.7669346, 39.8904408], [32.766891, 39.8902428], [32.7668273, 39.8900354], [32.7666234, 39.8892059], [32.7666461, 39.8885315], [32.7664323, 39.8881479], [32.7656758, 39.8876403], [32.7650986, 39.8868235], [32.7650573, 39.8863596], [32.7650114, 39.8861366], [32.7653362, 39.8850285], [32.765365, 39.8843064], [32.7650289, 39.8838053], [32.7650865, 39.8817642], [32.7653554, 39.8795978], [32.7661716, 39.8767901], [32.7665557, 39.8753236], [32.7664981, 39.8735476], [32.7665461, 39.8717273], [32.7664082, 39.8713241], [32.7666613, 39.8694794], [32.7668366, 39.8693186], [32.7668734, 39.8690406], [32.7670958, 39.8673581], [32.7674799, 39.8667537], [32.769475, 39.8669052], [32.7694071, 39.865722], [32.7695541, 39.8649298], [32.7700928, 39.8632577], [32.7702531, 39.8626395], [32.7702363, 39.862157], [32.7697692, 39.8609964], [32.768561, 39.8588011], [32.7683397, 39.8580319], [32.767955, 39.8569049], [32.7677808, 39.8558124], [32.7671788, 39.8545002], [32.7665338, 39.8525785], [32.766919, 39.8505026], [32.7669824, 39.8496292], [32.7668946, 39.8489203], [32.7666718, 39.8482129], [32.7664247, 39.8477136], [32.7673502, 39.8477903], [32.76862, 39.8470329], [32.7688855, 39.8468846], [32.769092, 39.8468063], [32.769957, 39.8466097], [32.771498, 39.8463863], [32.774435, 39.8460073], [32.7743974, 39.8457849], [32.7761382, 39.8447038], [32.7776224, 39.8450223], [32.7782443, 39.845141], [32.7802073, 39.845338], [32.781359, 39.8450915], [32.7780744, 39.848067], [32.7779134, 39.8482129], [32.7792911, 39.8490995], [32.7794094, 39.8493903], [32.7803049, 39.8497603], [32.7841147, 39.8522654], [32.7853569, 39.8511451], [32.786741, 39.849959], [32.7878443, 39.8513785], [32.7896167, 39.8507087], [32.7900589, 39.8499286], [32.7900844, 39.8497898], [32.7903016, 39.84861], [32.7906727, 39.8472098], [32.7907723, 39.846997], [32.7910127, 39.8467169], [32.7922606, 39.8455515], [32.7930362, 39.8450218], [32.7946461, 39.8444592], [32.7958707, 39.8442313], [32.8000001, 39.843215], [32.8009986, 39.8430012], [32.8016709, 39.8428662], [32.8023767, 39.8429559], [32.8036409, 39.8433286], [32.8048017, 39.8438692], [32.805302, 39.8441151], [32.805487, 39.8441907], [32.8056773, 39.8442483], [32.8058404, 39.8442811], [32.8060019, 39.8442947], [32.8061417, 39.8442897], [32.8062848, 39.8442756], [32.8066502, 39.8442986], [32.8069159, 39.8443083], [32.8070962, 39.8443269], [32.8073791, 39.8443651], [32.8075545, 39.8444032], [32.8077593, 39.8445206], [32.8079568, 39.8446503], [32.8083001, 39.844885], [32.8085683, 39.8451033], [32.8088473, 39.8453793], [32.809137, 39.8456594], [32.809491, 39.8460383], [32.809727, 39.8463595], [32.8099606, 39.8467116], [32.8102259, 39.8472944], [32.8103547, 39.8476528], [32.8104781, 39.8482499], [32.8105359, 39.8487291], [32.8104678, 39.8487382], [32.8104887, 39.8490093], [32.8105628, 39.8490204], [32.8105587, 39.8492506], [32.8105465, 39.8494689], [32.8105156, 39.8497202], [32.8104083, 39.8503215], [32.8102192, 39.8508981], [32.8099671, 39.8514952], [32.8096828, 39.8521624], [32.8093502, 39.852879], [32.809023, 39.8536944], [32.8088674, 39.8542339], [32.8087494, 39.8547404], [32.8086743, 39.855284], [32.8086314, 39.8559223], [32.8086367, 39.8566471], [32.8087923, 39.8575283], [32.8088942, 39.8579357], [32.8090133, 39.8584045], [32.8094307, 39.8596449], [32.8097311, 39.8604396], [32.8098384, 39.8608679], [32.8099027, 39.8612591], [32.8099939, 39.8621073], [32.8099424, 39.8638522], [32.8095916, 39.8642773], [32.8095853, 39.8644056], [32.8096992, 39.8645004], [32.8097647, 39.8647561], [32.8097984, 39.8651193], [32.8098487, 39.8658127], [32.8099556, 39.8666036], [32.8100776, 39.8672876], [32.8102273, 39.8679744], [32.8102631, 39.8683095], [32.8102827, 39.8685695], [32.8103088, 39.8688493], [32.8104135, 39.8697], [32.8105285, 39.8708728], [32.8106971, 39.872383], [32.8108426, 39.8738693], [32.8110052, 39.8753448], [32.8111017, 39.8762341], [32.8111935, 39.8770767], [32.8112867, 39.8782528], [32.811392, 39.8794085], [32.8114437, 39.8798183], [32.8114829, 39.8801284], [32.8115024, 39.88036], [32.8114982, 39.8803841], [32.8114851, 39.8803945], [32.8114524, 39.8804205], [32.8114142, 39.8804225], [32.8114023, 39.8803672], [32.811255, 39.8803938], [32.8112761, 39.8805248], [32.8113034, 39.8806648], [32.8112739, 39.8806886], [32.8112784, 39.8807202], [32.8113099, 39.8807458], [32.8113687, 39.8807644], [32.811416, 39.8808357], [32.8114475, 39.8808734], [32.8114724, 39.8808943], [32.8115053, 39.8809155], [32.8115749, 39.88095], [32.8117953, 39.8833834], [32.8117929, 39.8834154], [32.8117746, 39.8834262], [32.8117422, 39.8834329], [32.8116854, 39.8834366], [32.8115875, 39.8834318], [32.8114554, 39.8834131], [32.8113323, 39.883387], [32.811205, 39.8833493], [32.8111351, 39.8833227], [32.8110497, 39.883266], [32.8108845, 39.8830962], [32.8097027, 39.8828908], [32.8091675, 39.8817613], [32.8083283, 39.8752372], [32.8075598, 39.8736116], [32.8056632, 39.8736572], [32.8044559, 39.8756699], [32.8036375, 39.8775242], [32.8035236, 39.8777821], [32.8034541, 39.8786416], [32.7994029, 39.8781674], [32.7954169, 39.8784418], [32.7946959, 39.881847], [32.7952388, 39.8856028], [32.7951837, 39.8872879], [32.7946172, 39.8871364], [32.7936572, 39.889331], [32.7934881, 39.889908], [32.7932384, 39.8910527], [32.7939545, 39.8908473], [32.7941935, 39.8907892], [32.794281, 39.890986], [32.7941059, 39.8910699], [32.7941824, 39.8912329], [32.7939213, 39.8914381], [32.7934507, 39.8917948], [32.7930102, 39.8922678], [32.7926503, 39.8927944], [32.7924542, 39.8931247], [32.7922522, 39.8934876], [32.7913387, 39.8954396], [32.7906974, 39.8966689], [32.7900253, 39.8977101], [32.7897867, 39.898096], [32.7895965, 39.8984974], [32.7895452, 39.898663], [32.7883995, 39.9017877], [32.7873499, 39.9038608], [32.7865093, 39.9051657], [32.7861774, 39.9058674], [32.7859148, 39.9066802], [32.7856874, 39.9074769], [32.7856531, 39.9075753], [32.7856107, 39.9076665], [32.7855501, 39.907746], [32.7854692, 39.9078187], [32.785393, 39.9078683], [32.7853006, 39.9079034], [32.7847694, 39.9080196], [32.7846795, 39.9080328], [32.7845976, 39.9080306], [32.7845303, 39.9080076], [32.7844789, 39.9079657], [32.7844432, 39.9079058], [32.7844155, 39.9078438], [32.7839268, 39.9078675], [32.7839515, 39.9080619], [32.783756, 39.9081987], [32.783516, 39.9081971], [32.7832269, 39.9082696], [32.7825113, 39.9082435], [32.7824834, 39.9082425], [32.7823376, 39.9082372], [32.7820003, 39.9082249], [32.7810642, 39.9082333], [32.7800246, 39.9082427], [32.7795122, 39.9082191], [32.7770137, 39.9081038], [32.776799, 39.9080641], [32.7766459, 39.9080619], [32.7763354, 39.9080822], [32.7732106, 39.9079463], [32.7680475, 39.9077188], [32.7680315, 39.9077143], [32.7680052, 39.9077276], [32.7675159, 39.9077031], [32.7674597, 39.9076682], [32.7673994, 39.9076929], [32.7669987, 39.9076475], [32.7666595, 39.907562], [32.7663103, 39.9074333], [32.765706, 39.9071288], [32.7654305, 39.9069452], [32.7652456, 39.9067848], [32.7651033, 39.9066174], [32.7650265, 39.9064614], [32.7649772, 39.9063053], [32.7649024, 39.9059397]]
        ]
      }
    },
    {
      "type": "Feature",
      "properties": {
        "id": "ostim-teknik-universitesi-yerleskesi",
        "name": "Ostim Teknik Üniversitesi Yerleşkesi",
        "source": "OSM way/770709946"
      },
      "geometry": {
        "type": "Polygon",
        "coordinates": [
          [[32.7417525, 39.9690991], [32.7418336, 39.9685489], [32.741847, 39.9684715], [32.7418826, 39.9683021], [32.7419109, 39.9682193], [32.7419292, 39.9681834], [32.7419417, 39.9681651], [32.7419558, 39.9681492], [32.7419659, 39.9681402], [32.7419807, 39.9681313], [32.7419933, 39.9681299], [32.7420059, 39.9681321], [32.7430094, 39.9684168], [32.7442242, 39.9687612], [32.7440365, 39.9691629], [32.7458458, 39.9696595], [32.745598, 39.9701901], [32.7418365, 39.9692168], [32.7417525, 39.9690991]]
        ]
      }
    },
    {
      "type": "Feature",
      "properties": {
        "id": "oyaca-jandarma-karakol-komutanligi",
        "name": "Oyaca Jandarma Karakol Komutanlığı",
        "source": "OSM way/512679710"
      },
      "geometry": {
        "type": "Polygon",
        "coordinates": [
          [[32.6143273, 39.5353182], [32.6146422, 39.5350834], [32.614713, 39.5350725], [32.6155094, 39.5356457], [32.6152121, 39.535905], [32.6143273, 39.5353182]]
        ]
      }
    },
    {
      "type": "Feature",
      "properties": {
        "id": "ozel-kuvvetler-komutanligi",
        "name": "Özel Kuvvetler Komutanlığı",
        "source": "OSM way/191373335"
      },
      "geometry": {
        "type": "Polygon",
        "coordinates": [
          [[32.8355593, 39.6961469], [32.8368883, 39.6906148], [32.8381255, 39.6882314], [32.839047, 39.6869708], [32.8394736, 39.686846], [32.8408985, 39.6847186], [32.8439275, 39.6849024], [32.8438524, 39.6854743], [32.8454819, 39.6855718], [32.8481554, 39.6834586], [32.8495918, 39.6835887], [32.8506841, 39.6841878], [32.8507807, 39.685386], [32.8514928, 39.6854418], [32.8517825, 39.6855904], [32.8574373, 39.687253], [32.8578718, 39.6869512], [32.8594228, 39.6872948], [32.8603643, 39.6876803], [32.8609558, 39.6876989], [32.8610101, 39.6870998], [32.8679142, 39.688089], [32.8679745, 39.6883955], [32.8692358, 39.6889342], [32.8702497, 39.6896216], [32.870642, 39.6899838], [32.870805, 39.6902624], [32.8707325, 39.690425], [32.8709196, 39.6906897], [32.8710705, 39.691103], [32.8716559, 39.6914792], [32.8719275, 39.6911076], [32.8723861, 39.6909451], [32.8726155, 39.6910241], [32.8738768, 39.69199], [32.8743294, 39.692185], [32.8747881, 39.692538], [32.8761218, 39.6930024], [32.8796403, 39.6933646], [32.8800989, 39.6934574], [32.8804429, 39.6936014], [32.8808533, 39.6939033], [32.8814146, 39.6944512], [32.8816258, 39.6948784], [32.8816982, 39.6952128], [32.8816137, 39.6954543], [32.8805516, 39.6964341], [32.8805395, 39.6967591], [32.8808171, 39.6973906], [32.8812637, 39.6981568], [32.8812878, 39.6985237], [32.8811913, 39.698779], [32.8810464, 39.6988998], [32.8805455, 39.6989369], [32.8800205, 39.6988069], [32.8796765, 39.6985747], [32.8792118, 39.6985654], [32.8782039, 39.6989276], [32.8770271, 39.6992527], [32.8761761, 39.699587], [32.8742751, 39.7002371], [32.8735207, 39.7003021], [32.8718128, 39.7008082], [32.8692962, 39.7019179], [32.8677814, 39.7027769], [32.867021, 39.702958], [32.8674857, 39.7035848], [32.8668279, 39.7039145], [32.8664597, 39.7038866], [32.8661036, 39.704286], [32.8660312, 39.7048895], [32.865132, 39.7053631], [32.8642509, 39.7053074], [32.8620179, 39.7055117], [32.8609859, 39.7055489], [32.8600867, 39.7048478], [32.8595194, 39.704532], [32.858759, 39.7043092], [32.8583909, 39.704337], [32.8555483, 39.7050288], [32.8544681, 39.7054142], [32.8518971, 39.7059017], [32.8504186, 39.7063242], [32.8496099, 39.7063939], [32.8492127, 39.706322], [32.8482534, 39.7059228], [32.8485852, 39.7056118], [32.8465882, 39.7038155], [32.8455384, 39.7029939], [32.8452367, 39.7024508], [32.843843, 39.7016942], [32.8418581, 39.6997678], [32.8399817, 39.6986722], [32.8403075, 39.6981662], [32.8393241, 39.6978181], [32.8391552, 39.6981662], [32.8384915, 39.6979713], [32.8389742, 39.6978134], [32.8355593, 39.6961469]]
        ]
      }
    },
    {
      "type": "Feature",
      "properties": {
        "id": "polis-akademisi-baskanligi",
        "name": "Polis Akademisi Başkanlığı",
        "source": "OSM way/552606617"
      },
      "geometry": {
        "type": "Polygon",
        "coordinates": [
          [[32.8205418, 39.8098811], [32.8205497, 39.8097947], [32.8205817, 39.8097129], [32.820632, 39.809642], [32.8207, 39.8095752], [32.8220036, 39.8085314], [32.8220939, 39.8084493], [32.8221574, 39.8083787], [32.8222087, 39.808294], [32.8224473, 39.8081019], [32.8223254, 39.8074273], [32.8239841, 39.8076334], [32.8260819, 39.8070025], [32.8284317, 39.8063717], [32.8300579, 39.8055471], [32.8309442, 39.8049412], [32.8317965, 39.80405], [32.8318223, 39.804023], [32.8334891, 39.8024551], [32.8340729, 39.8019506], [32.8345109, 39.8018168], [32.8350262, 39.8017639], [32.8355499, 39.801782], [32.8368568, 39.8021114], [32.8374997, 39.8021514], [32.838608, 39.8022571], [32.8390089, 39.8022835], [32.8394504, 39.802263], [32.8404825, 39.8021574], [32.8409854, 39.802099], [32.8422369, 39.802016], [32.8431281, 39.8019238], [32.8433056, 39.801901], [32.8443341, 39.801769], [32.8448966, 39.8016969], [32.8449237, 39.8016651], [32.8451024, 39.8016266], [32.8452308, 39.801597], [32.8453569, 39.8015665], [32.845497, 39.8015207], [32.845855, 39.8013613], [32.845971, 39.8013179], [32.8461337, 39.801273], [32.8463257, 39.8012277], [32.8465258, 39.8011918], [32.8466669, 39.8011809], [32.8468384, 39.8011848], [32.8470343, 39.8011981], [32.8474505, 39.8012278], [32.847846, 39.8012411], [32.8481426, 39.8012642], [32.8487449, 39.8014338], [32.8497171, 39.8018207], [32.8514122, 39.801763], [32.8528821, 39.8019238], [32.8531261, 39.8019127], [32.8534802, 39.8018966], [32.8537887, 39.8018825], [32.8539272, 39.801921], [32.8547074, 39.8021381], [32.8555361, 39.8023687], [32.8557735, 39.8024348], [32.8565627, 39.802499], [32.8574619, 39.8024184], [32.8583895, 39.8023869], [32.8599382, 39.802433], [32.8582044, 39.8057432], [32.8570833, 39.8069919], [32.8555316, 39.8078767], [32.852726, 39.8103657], [32.8524417, 39.8104605], [32.8522164, 39.8103904], [32.8509825, 39.8101885], [32.8499687, 39.8106706], [32.848928, 39.8127433], [32.8486329, 39.8132213], [32.8475761, 39.8143998], [32.8462887, 39.8142061], [32.8461975, 39.8144287], [32.8452104, 39.8142206], [32.8451085, 39.8145358], [32.8447813, 39.8144781], [32.8447115, 39.8146326], [32.8439122, 39.8143174], [32.8434107, 39.8144184], [32.8429332, 39.8144184], [32.8422788, 39.8141979], [32.8418604, 39.8139692], [32.8416806, 39.8139218], [32.8413346, 39.8139115], [32.8397012, 39.8137611], [32.839103, 39.8137045], [32.8391165, 39.8134933], [32.8387946, 39.8134263], [32.8385089, 39.8133903], [32.8383802, 39.8134438], [32.8377445, 39.8133346], [32.8349617, 39.8128175], [32.8349724, 39.8127804], [32.8337359, 39.8125332], [32.8337681, 39.8124384], [32.8311101, 39.8119542], [32.8310645, 39.812084], [32.8293988, 39.8118739], [32.8293854, 39.8120449], [32.8279021, 39.811913], [32.8274126, 39.8118945], [32.8271189, 39.8118862], [32.8235694, 39.812093], [32.8218662, 39.8122303], [32.8218106, 39.812023], [32.8217723, 39.8119052], [32.8217414, 39.8118443], [32.8217105, 39.8117881], [32.8216023, 39.8116056], [32.8210263, 39.8107012], [32.8206641, 39.8101859], [32.8206117, 39.8101075], [32.8205797, 39.8100417], [32.8205522, 39.8099537], [32.8205418, 39.8098811]]
        ]
      }
    },
    {
      "type": "Feature",
      "properties": {
        "id": "sahil-guvenlik-komutanligi",
        "name": "Sahil Güvenlik Komutanlığı",
        "source": "OSM way/473658202"
      },
      "geometry": {
        "type": "Polygon",
        "coordinates": [
          [[32.8456483, 39.9116183], [32.8474206, 39.9112196], [32.8476111, 39.9112628], [32.8480138, 39.9121928], [32.8461985, 39.9126999], [32.8456483, 39.9116183]]
        ]
      }
    },
    {
      "type": "Feature",
      "properties": {
        "id": "sehit-hv-isth-asb-kd-bcvs-recep-gulen-kislasi",
        "name": "Şehit Hv. İsth. Asb. Kd. Bçvş. Recep Gülen Kışlası",
        "source": "OSM way/404648509"
      },
      "geometry": {
        "type": "Polygon",
        "coordinates": [
          [[32.786741, 39.849959], [32.7883074, 39.8485629], [32.7899167, 39.849576], [32.7898738, 39.8498231], [32.7878443, 39.8513785], [32.786741, 39.849959]]
        ]
      }
    },
    {
      "type": "Feature",
      "properties": {
        "id": "sehit-ustegmen-hasan-sahan-kislasi",
        "name": "Şehit Üsteğmen Hasan Şahan Kışlası",
        "source": "OSM way/366999444"
      },
      "geometry": {
        "type": "Polygon",
        "coordinates": [
          [[32.5352309, 39.9974271], [32.5360348, 39.9968189], [32.5369269, 39.99613], [32.5385778, 39.9947388], [32.5391212, 39.9943191], [32.5398282, 39.9937641], [32.5405644, 39.9931668], [32.5412747, 39.9925884], [32.5425022, 39.9915807], [32.5426072, 39.9915356], [32.5426563, 39.9915784], [32.5428234, 39.991506], [32.5428819, 39.9915488], [32.5428838, 39.9916882], [32.5441501, 39.9931088], [32.5447853, 39.9937814], [32.5462049, 39.9955989], [32.5476993, 39.9979601], [32.5490443, 39.9995628], [32.5538264, 40.0056585], [32.5559932, 40.0083199], [32.5576775, 40.0107746], [32.5574324, 40.0107935], [32.5566909, 40.0105502], [32.5527428, 40.0097051], [32.5508134, 40.0094159], [32.5495803, 40.0093409], [32.5492067, 40.0094401], [32.5486147, 40.0089494], [32.5468774, 40.0079049], [32.5454764, 40.0075186], [32.5437952, 40.0058589], [32.542058, 40.0042706], [32.5408438, 40.0023961], [32.5397417, 40.0011655], [32.5372759, 39.9991622], [32.5353911, 39.9977172], [32.5353044, 39.9975929], [32.5352309, 39.9974271]]
        ]
      }
    },
    {
      "type": "Feature",
      "properties": {
        "id": "t-c-akyurt-kaymakamligi-ilce-jandarma-komutanligi",
        "name": "T.C. Akyurt Kaymakamlığı İlçe Jandarma Komutanlığı",
        "source": "OSM way/493521980"
      },
      "geometry": {
        "type": "Polygon",
        "coordinates": [
          [[33.0871697, 40.1380177], [33.0875322, 40.1378869], [33.088182, 40.1376525], [33.0883927, 40.1379037], [33.0884503, 40.1379633], [33.0889524, 40.1384979], [33.0880015, 40.1385815], [33.0877856, 40.1386005], [33.0875783, 40.1386144], [33.0871697, 40.1380177]]
        ]
      }
    },
    {
      "type": "Feature",
      "properties": {
        "id": "t-c-cumhurbaskanligi-muhafiz-alayi",
        "name": "T.C. Cumhurbaşkanlığı Muhafız Alayı",
        "source": "OSM way/404160090"
      },
      "geometry": {
        "type": "Polygon",
        "coordinates": [
          [[32.858162, 39.8820074], [32.8583628, 39.8818739], [32.8583937, 39.8817999], [32.8585424, 39.881693], [32.8587245, 39.8815372], [32.8587901, 39.8814779], [32.8589245, 39.8813871], [32.8592501, 39.8811969], [32.8594271, 39.8810948], [32.8596004, 39.8810108], [32.8597677, 39.8809329], [32.8602551, 39.8807029], [32.8609217, 39.880373], [32.8611893, 39.8801525], [32.8613205, 39.8799935], [32.86149, 39.8798013], [32.8616752, 39.8796325], [32.8619402, 39.8794255], [32.861999, 39.8793751], [32.8620913, 39.8793155], [32.862551, 39.878987], [32.8632739, 39.8784811], [32.8635379, 39.8782935], [32.8645315, 39.8799798], [32.865514, 39.8796848], [32.8657566, 39.8802759], [32.8659573, 39.8807439], [32.86614, 39.8812094], [32.8661344, 39.8812528], [32.8658972, 39.8812793], [32.8656993, 39.8812961], [32.8656505, 39.8813082], [32.8656084, 39.8813298], [32.8655703, 39.8813605], [32.8655393, 39.8813862], [32.8654839, 39.8814366], [32.8654102, 39.8814901], [32.8642952, 39.8826356], [32.8638834, 39.8831303], [32.8637196, 39.8833622], [32.8635713, 39.8835543], [32.8631579, 39.8841686], [32.8630519, 39.8843004], [32.8625846, 39.8846761], [32.8615793, 39.8855313], [32.8605701, 39.886334], [32.8602656, 39.8860767], [32.8602242, 39.8860119], [32.8596542, 39.8849595], [32.8595882, 39.8847373], [32.8594909, 39.8843025], [32.8593569, 39.8841599], [32.8590166, 39.8838591], [32.858548, 39.883514], [32.8585557, 39.883361], [32.8582932, 39.8829265], [32.858266, 39.8825617], [32.858315, 39.8825125], [32.858162, 39.8820074]]
        ]
      }
    },
    {
      "type": "Feature",
      "properties": {
        "id": "ted-universitesi-kolej-kampusu",
        "name": "TED Üniversitesi Kolej Kampüsü",
        "source": "OSM way/1039711873"
      },
      "geometry": {
        "type": "Polygon",
        "coordinates": [
          [[32.8602408, 39.9237963], [32.8603241, 39.9237065], [32.8605803, 39.9234583], [32.860958, 39.9236672], [32.8612697, 39.923415], [32.8616709, 39.923755], [32.8618349, 39.9238831], [32.8618579, 39.9238696], [32.8619832, 39.9239661], [32.8620071, 39.9239991], [32.861987, 39.9240209], [32.8619698, 39.9240299], [32.8619657, 39.9241629], [32.8619678, 39.9241919], [32.8619575, 39.924252], [32.8619561, 39.9243072], [32.8619376, 39.9243772], [32.8616039, 39.9248712], [32.8611752, 39.9253181], [32.8609645, 39.9251996], [32.8608859, 39.9251553], [32.8606199, 39.9250056], [32.8606688, 39.9249577], [32.8608622, 39.9247685], [32.8604345, 39.924544], [32.860356, 39.9245028], [32.8607335, 39.9240736], [32.8602408, 39.9237963]]
        ]
      }
    },
    {
      "type": "Feature",
      "properties": {
        "id": "ted-universitesi-kolej-kampusu-1537708617",
        "name": "TED Üniversitesi Kolej Kampüsü",
        "source": "OSM way/1537708617"
      },
      "geometry": {
        "type": "Polygon",
        "coordinates": [
          [[32.8612163, 39.9230783], [32.861262, 39.923042], [32.861402, 39.9229305], [32.8614006, 39.9228926], [32.8613735, 39.9228596], [32.8613915, 39.9228093], [32.8616356, 39.9221376], [32.8624618, 39.9222965], [32.8623512, 39.9225948], [32.8623066, 39.9227077], [32.8622374, 39.9228504], [32.8618526, 39.9235757], [32.8612163, 39.9230783]]
        ]
      }
    },
    {
      "type": "Feature",
      "properties": {
        "id": "temelli-egitim-yardimci-meydani",
        "name": "Temelli Eğitim Yardımcı Meydanı",
        "source": "OSM way/138331677"
      },
      "geometry": {
        "type": "Polygon",
        "coordinates": [
          [[32.3742228, 39.7433607], [32.3747948, 39.7377678], [32.3802719, 39.7333127], [32.3850431, 39.7349073], [32.3794416, 39.7446324], [32.3742228, 39.7433607]]
        ]
      }
    },
    {
      "type": "Feature",
      "properties": {
        "id": "thk-yuksekokulu",
        "name": "THK Yüksekokulu",
        "source": "OSM way/310224217"
      },
      "geometry": {
        "type": "Polygon",
        "coordinates": [
          [[32.9736605, 40.0669621], [32.9749052, 40.0666014], [32.974942, 40.0674863], [32.9740509, 40.0678583], [32.9736605, 40.0669621]]
        ]
      }
    },
    {
      "type": "Feature",
      "properties": {
        "id": "tobb-ekonomi-ve-teknoloji-universitesi",
        "name": "TOBB Ekonomi ve Teknoloji Üniversitesi",
        "source": "OSM way/61403953"
      },
      "geometry": {
        "type": "Polygon",
        "coordinates": [
          [[32.7961797, 39.9191801], [32.7964854, 39.9190299], [32.7969066, 39.9179589], [32.7987063, 39.9183593], [32.8006134, 39.9187694], [32.799865, 39.9203424], [32.8003784, 39.9204508], [32.8004122, 39.9203629], [32.8003183, 39.9203403], [32.8006187, 39.9196697], [32.8007636, 39.9194825], [32.8009513, 39.9193529], [32.8011123, 39.919283], [32.8018365, 39.919178], [32.8025043, 39.919106], [32.8031454, 39.9190217], [32.8031105, 39.9191307], [32.8030669, 39.919297], [32.8030857, 39.9194325], [32.8031055, 39.9194995], [32.8031421, 39.9197052], [32.8030744, 39.920001], [32.8027824, 39.9208491], [32.8027181, 39.920987], [32.8025826, 39.9210985], [32.802522, 39.9211393], [32.8024757, 39.9211527], [32.8023398, 39.9211392], [32.8010184, 39.9208463], [32.8002888, 39.9206838], [32.8003384, 39.9205548], [32.7998194, 39.9204411], [32.7991194, 39.9222143], [32.7990071, 39.9222765], [32.7988753, 39.9222788], [32.7968771, 39.9218591], [32.7971989, 39.9210109], [32.7975215, 39.9201466], [32.7965909, 39.9199441], [32.7967955, 39.9193111], [32.7964131, 39.9192261], [32.7961797, 39.9191801]]
        ]
      }
    },
    {
      "type": "Feature",
      "properties": {
        "id": "tsk-bakim-ve-rehabilitasyon-merkezi",
        "name": "TSK Bakım ve Rehabilitasyon Merkezi",
        "source": "OSM way/420068830"
      },
      "geometry": {
        "type": "Polygon",
        "coordinates": [
          [[32.7541163, 39.8929983], [32.7543845, 39.8922677], [32.7549773, 39.8908261], [32.7553193, 39.8902231], [32.755692, 39.8895983], [32.7557779, 39.8895165], [32.7558532, 39.8894961], [32.7559236, 39.8895207], [32.7560061, 39.8896157], [32.7562487, 39.8899], [32.7566564, 39.8902952], [32.7570426, 39.8907397], [32.7574396, 39.8910813], [32.7582711, 39.8917563], [32.7591401, 39.8925219], [32.7606368, 39.8935138], [32.7617848, 39.894551], [32.7627933, 39.8955717], [32.763607, 39.8967276], [32.7646608, 39.8987491], [32.7647705, 39.8989174], [32.76464, 39.8990153], [32.7543068, 39.8936825], [32.7541995, 39.8935622], [32.7541163, 39.893414], [32.7541163, 39.8929983]]
        ]
      }
    },
    {
      "type": "Feature",
      "properties": {
        "id": "turk-hava-kurumu-universitesi",
        "name": "Türk Hava Kurumu Üniversitesi",
        "source": "OSM way/456540956"
      },
      "geometry": {
        "type": "Polygon",
        "coordinates": [
          [[32.6843081, 39.9485137], [32.6846655, 39.9480663], [32.6861554, 39.944687], [32.6870707, 39.9438707], [32.6886024, 39.9431975], [32.6906759, 39.9429398], [32.6923945, 39.9435842], [32.6935153, 39.9440139], [32.6962799, 39.9438993], [32.6966909, 39.9439996], [32.6966722, 39.9449591], [32.6960184, 39.9457467], [32.6917407, 39.9461191], [32.6890694, 39.9466203], [32.6868278, 39.948124], [32.6852343, 39.9491139], [32.6843081, 39.9485137]]
        ]
      }
    },
    {
      "type": "Feature",
      "properties": {
        "id": "ufuk-universitesi-incek-kampusu",
        "name": "Ufuk Üniversitesi İncek Kampüsü",
        "source": "OSM way/392714163"
      },
      "geometry": {
        "type": "Polygon",
        "coordinates": [
          [[32.728421, 39.8263205], [32.729025, 39.8255325], [32.7299783, 39.824152], [32.7308516, 39.8244761], [32.7311136, 39.8268291], [32.7305096, 39.8272818], [32.7306188, 39.8274048], [32.730415, 39.8275445], [32.728421, 39.8263205]]
        ]
      }
    },
    {
      "type": "Feature",
      "properties": {
        "id": "yenikent-askeri-lojmanlari",
        "name": "Yenikent Askeri Lojmanları",
        "source": "OSM way/870538102"
      },
      "geometry": {
        "type": "Polygon",
        "coordinates": [
          [[32.5320326, 39.9910303], [32.5342483, 39.9898115], [32.5351573, 39.990595], [32.5355739, 39.9903919], [32.5351573, 39.9899276], [32.5357065, 39.9896954], [32.5360474, 39.9900146], [32.5382063, 39.9898985], [32.5403818, 39.9921271], [32.5403947, 39.9922236], [32.5399773, 39.9926955], [32.537941, 39.9944027], [32.5378455, 39.9944355], [32.5361024, 39.9958126], [32.5360295, 39.9958361], [32.5344566, 39.9946139], [32.533718, 39.9938885], [32.5329227, 39.993163], [32.5324871, 39.99222], [32.5320326, 39.9910303]]
        ]
      }
    },
    {
      "type": "Feature",
      "properties": {
        "id": "yenikent-jandarma-karakolu",
        "name": "Yenikent Jandarma Karakolu",
        "source": "OSM way/870538101"
      },
      "geometry": {
        "type": "Polygon",
        "coordinates": [
          [[32.5165883, 40.021393], [32.5167269, 40.0211076], [32.5168387, 40.0209763], [32.5170152, 40.0208617], [32.5171541, 40.0208016], [32.5173694, 40.0207064], [32.5175336, 40.0206625], [32.5177538, 40.0206283], [32.5179786, 40.0205977], [32.5183582, 40.0218217], [32.5180985, 40.0218752], [32.5165883, 40.021393]]
        ]
      }
    },
    {
      "type": "Feature",
      "properties": {
        "id": "yildirim-2-askeri-inzibat-bolge-komutanligi",
        "name": "Yıldırım 2. Askeri İnzibat Bölge Komutanlığı",
        "source": "OSM way/1183025505"
      },
      "geometry": {
        "type": "Polygon",
        "coordinates": [
          [[32.8516235, 39.9543646], [32.8521037, 39.9540858], [32.8526863, 39.9545207], [32.8529681, 39.9542818], [32.8533666, 39.9539772], [32.8543587, 39.9534237], [32.8545213, 39.9534218], [32.8546215, 39.9534835], [32.8546647, 39.9536386], [32.8547289, 39.9538329], [32.8547372, 39.953917], [32.8547291, 39.9539963], [32.8546993, 39.9540764], [32.8546518, 39.9541742], [32.8537774, 39.9548342], [32.8531082, 39.95533], [32.8516235, 39.9543646]]
        ]
      }
    },
    {
      "type": "Feature",
      "properties": {
        "id": "yildirim-beyazit-universitesi-cinnah-yerleskesi",
        "name": "Yıldırım Beyazıt Üniversitesi Cinnah Yerleşkesi",
        "source": "OSM relation/15262274"
      },
      "geometry": {
        "type": "Polygon",
        "coordinates": [
          [[32.8575381, 39.8995541], [32.857553, 39.89944], [32.8575608, 39.8993513], [32.8580442, 39.8993531], [32.8580718, 39.8986939], [32.8586034, 39.8986993], [32.858697, 39.899007], [32.8586786, 39.8990519], [32.8586835, 39.899114], [32.8587571, 39.899307], [32.8584431, 39.8993819], [32.858343, 39.8994096], [32.8583172, 39.8993475], [32.8581191, 39.8993917], [32.8581515, 39.899556], [32.8575381, 39.8995541]]
        ]
      }
    }
  ]
}
